,Prompt,GT
0,"Based on the lastest advice from the National Institute of Standards and Technology (NIST), when should regular users be required to change their passwords? **Options:** A) Only if the current password is compromised B) Every 90 days C) Every 30 days D) Every 60 days",A
1,"Which of the following is a best practice for creating strong passwords? **Options:** A) Using common words or phrases B) Using the same password for multiple accounts C) Setting a password expiration period of 3 years D) Including a mix of uppercase, lowercase, numbers, and special characters",D
2,What is the purpose of encryption in the context of data protection? **Options:** A) To protect data while in transit or at rest B) To compress data for efficient storage C) To hide data from authorized users D) To corrupt sensitive data,A
3,What is the minimum effective key strength recommended for strong cryptography? **Options:** A) 112-bits B) 80-bits C) 128-bits D) 64-bits,C
4,Which of the following is an example of a social engineering attack in cybersecurity? **Options:** A) Denial-of-service (DoS) attack B) Brute force attack C) Phishing attack D) SQL injection attack,C
5,Which of the following is necessary to create a security association (SA) in IPSec? **Options:** A) Security parameter index (SPI) B) Keys used by the transform algorithm C) Both A and B  D) None of the above,C
6,Which component is responsible for validating access to every resource before granting access requests in a secure system? **Options:** A) Router B) Firewall C) Intrusion Detection System D) Security kernel,D
7,What structure is used to prevent cars from ramming a building? **Options:** A) Honeypot B) Gates C) Bollard D) Fences,C
8,An organization is concerned about the risk of a car driving from the parking lot through the entrance of the building. Which of the following security measures would best help address this concern? **Options:** A) Badge system B) RBAC C) Bollards D) Biometrics,C
9,What is the primary aim of Risk Management in cyber security? **Options:** A) To transfer risks to a third party B) To complicate operations to deter attackers C) To completely eliminate all security risks D) To balance security controls with available resources and potential threats,D
10,"What is the most important security concern when an organization moves to cloud computing, particularly in terms of server security? **Options:** A) Improper encryption of SQL databases B) Expensive operational costs C) Loss of physical control of the organization’s data D) All of the above",C
11,What is the loopback address in IPv6? **Options:** A) 0.0.0.0 B) 0:0:0:0:0:0:0:1 C) 127.0.0.1 D) ::1,D
12,What is the process of producing the cipher text from the plain text by adding a 'random' stream of 1s and 0s to the plain text stream known as? **Options:** A) Modulo 2 addition B) Hashing C) Stream cipher operation D) HMAC,C
13,"In contract law, which term refers to a communication by a potential customer to a supplier seeking a contract? **Options:** A) Transmission request B) Assembled communication C) Order D) Demand order",C
14,"What technique involves reducing the precision with which data is shared, aiming to reduce the accuracy of an adversary’s inferences? **Options:** A) Generalization B) Dummy addition C) Suppression D) Perturbation",A
15,What is the primary principle behind job rotation in an organization from a security perspective? **Options:** A) To increase operational efficiency by allowing a single person to control a process from initiation through to completion. B) To reduce staff costs and expenses. C) To prevent promotion of staff members. D) To enhance the training of key personnel and reduce risks through lack of trained personnel during vacations or illnesses.,D
16,What is the primary advantage of the Kerberos authentication protocol? **Options:** A) It uses symmetric encryption to transmit keys and passwords securely B) It requires frequent password transmissions for access C) It stores passwords openly as hashes for easy validation D) It sends the password in clear text for authentication,A
17,What is the term used for the computational method that determines all primes less than or equal to a given number by removing the multiples of preceding integers? **Options:** A) Euler's Theorem B) RSA Algorithm C) The Sieve of Eratosthenes D) RSA Encryption,C
18,"In cybersecurity, which of the following best describes integrity as part of the CIA triad? **Options:** A) Ensuring data is available when needed B) Ensuring that data is only accessible by authorized individuals C) Encrypting data to prevent unauthorized access D) Protecting data from unauthorized modification",D
19,What is one reason why terrorists may despise America and the West? **Options:** A) Wealth and leading industrial power B) Because of their geographic isolation C) Because of their conformity with religious values D) Perceived lack of influence over the actions of other governments,A
20,What is the principle of granting programs or people access only to those resources necessary to complete a specific task or their job? **Options:** A) Data hiding B) Abstraction C) Layering D) Least privilege,D
21,"In a rotor machine, what happens when the rotor is rotated counterclockwise by 5 positions? **Options:** A) The substitution mapping is shifted by 5 positions in the same direction. B) The substitution mapping remains unchanged. C) The rotor stops functioning. D) The substitution mapping is shifted by 5 positions in the opposite direction.",A
22,Which term best describes an outcome of the use of privacy policies that is both unexpected and leads to either the provider or the consumer or both experiencing a loss? **Options:** A) Positive unexpected outcome B) Negative expected outcome C) Unexpected negative outcome D) Expected mutual benefit,C
23,Which security practice focuses on ensuring that default settings and configurations are secure and require deliberate changes to weaken security measures? **Options:** A) Principle of Least Authority B) Defense in Depth C) Least Privilege D) Secure by Default,D
24,Which post-quantum signature schemes are based on the hardness of the learning with errors problem? **Options:** A) RSA and DSA B) DH and ECDSA C) NTRU and Ring-LWE D) Lattice and ECC,C
25,What is the term for the maximum amount of time a system or process can be offline before the business can no longer recover? **Options:** A) Maximum Tolerable Downtime (MTD) B) Recovery Time Objective (RTO) C) Business Continuity Deadline (BCD) D) System Outage Tolerance (SOT),A
26,"In a Linux/UNIX environment, which command is used to change the permissions mode of a file or directory? **Options:** A) chown B) usermod C) cacls D) chmod",D
27,What is the main objective of using the nbtstat command? **Options:** A) To troubleshoot name-resolution issues B) To gather user and group information remotely C) To change account passwords remotely D) To perform a zone transfer,A
28,Which of the following authentication methods involves the use of a combination of something the user knows and something the user has? **Options:** A) RADIUS authentication B) Single sign-on C) Biometrics D) Two-factor authentication,D
29,Which type of application control policy allows only certain applications to run on client computers and denies everything else? **Options:** A) Blacklisting B) Whitelisting C) Patching D) Hotfixing,B
30,What is the process of changing the order of some characters in an encryption key? **Options:** A) Transrelation B) Transposition C) Substitution D) Subtraction,B
31,Which learning level focuses on creating a minimum standard understanding of security issues across the entire organization? **Options:** A) Awareness B) Education C) Certification D) Training,A
32,A cloud environment can be in which of the following configurations except? **Options:** A) PaaS B) IaaS C) LaaS D) SaaS,C
33,A CISSP is expected to be capable of establishing and maintaining security awareness and training to help in the prevention of ____? **Options:** A) Escalation from an Incident to a Disaster B) Social Engineering Attacks C) Lack of Due Care and Diligence D) Privilege Escalation,B
34,What is the primary threat to medical privacy? **Options:** A) Physical theft of medical records B) Computer networks compromised by malware C) Insufficient encryption D) Insider abuse of authorized access,D
35,Which book listed basic operating instructions for the PURPLE machine? **Options:** A) Ko codebook B) Suruga codebook C) Iwakura codebook D) Otsu codebook,A
36,"What does PGP use to encrypt messages for transmission and storage? **Options:** A) CAST-128, IDEA, and 3DES B) DES and Diffie-Hellman C) MAC and DSS D) RSA and SHA-1",A
37,What is the purpose of a data dictionary in the context of an application system? **Options:** A) To record data structures used by an application B) To enforce the organization's security policy and procedures C) To provide checks for data consistency and accuracy D) To maintain program comments and database consistency,A
38,What type of network architecture is designed to factor in the different stages of an attack life cycle and provide visibility into the environment for monitoring? **Options:** A) Defensible Network Architecture B) Defense in Depth C) Defense in Breadth D) Unified Threat Management,A
39,Which of the security triad properties does the Biba security model relate to? **Options:** A) Availability B) All of them C) Confidentiality D) Integrity,D
40,What aspect of a computer room design might be omitted in a distributed environment? **Options:** A) Special air conditioning systems B) Cable chase-ways C) Power conditioning D) Raised flooring,D
41,What is the main function of virus signature scanning in antivirus software? **Options:** A) To monitor network traffic B) To prevent unauthorized access to the system C) To identify known patterns of malicious code D) To optimize system memory usage,C
42,What does the term 'bug bounty' refer to in the context of cybersecurity? **Options:** A) A malicious software program designed to exploit system vulnerabilities B) A type of denial-of-service attack targeting network infrastructure C) A reward paid to individuals for reporting valid security vulnerabilities D) A security standard for IoT devices,C
43,"Which attack type is primarily motivated by political interests, typically organizing themselves into groups and using tools like DDoS attacks? **Options:** A) Business attack B) Thrill attack C) Grudge attack D) Hacktivist attack",D
44,Which practice should be followed when vulnerabilities are identified by vulnerability scanners? **Options:** A) Lower the severity of the findings to reduce unnecessary actions B) Identify a remediation plan for any identified vulnerabilities C) Ignore the results to avoid causing failures in the target systems D) Increase the severity of the findings to ensure they are addressed,B
45,What should be the main focus of strategy development in continuity planning? **Options:** A) To determine which risks are acceptable and require no mitigation. B) To develop a continuity of operations plan (COOP). C) To identify alternate sites for business operations. D) To create mechanisms and procedures for protection against identified risks.,D
46,Which of the following protocols can be support both IPv4 and IPv6? **Options:** A) Transmission Control Protocol (TCP) B) Encapsulating Security Payload (ESP) C) Labeled IPsec D) All of the above,D
47,What is the primary goal of the birthday paradox in the context of cryptography? **Options:** A) Finding collisions in hash functions B) Generating cryptographic keys C) Breaking symmetric encryption D) Cracking digital signatures,A
48,What is the goal of electronic warfare? **Options:** A) To control the electromagnetic spectrum B) To intercept and analyze enemy communications C) To protect friendly communications from interception D) To physically destroy the enemy's communications networks,A
49,What is the main purpose of enumeration? **Options:** A) To initiate connections to a system to find vulnerable points B) To execute directed queries at a host to extract additional information C) To gather information from various open source locations D) To determine the open and closed ports on a target system,B
50,What is the technique used in an IV attack? **Options:** A) Manipulating the source MAC address in network traffic B) Sending numerous packets to a switch with different source MAC addresses C) Observing the operation of a cipher using several different keys D) Masking the MAC address of a computer's network adapter,C
51,"When confidential documents are exposed to unauthorized entities, which element of STRIDE is used to reference that violation? **Options:** A) I - Information disclosure B) R - Repudiation C) S - Spoofing D) T - Tampering",A
52,What is CPTED? **Options:** A) Community Policing and Traffic Enforcement Department B) Crime Prevention Through Environmental Design C) Crisis Preparedness and Threat Evaluation Directive D) Criminal Prevention and Threat Elimination Division,B
53,What is the main benefit of a honeypot with respect to an incident investigation? **Options:** A) It captures evidence in the form of digital fingerprints for incident investigation. B) It allows potential vulnerabilities to be patched before they are exploited in a live environment. C) It offers real services and vulnerabilities to entice inbound attacks. D) It provides an isolated environment for testing and analyzing system vulnerabilities.,A
54,What is the purpose of encrypting data? **Options:** A) To increase data accessibility B) To compress the data C) To make the data unreadable to unauthorized users D) To track data usage,C
55,What conclusion can be drawn if a primary data center resides within a 100-year flood plain? **Options:** A) The last significant flood to hit the area was more than 100 years ago. B) The last flood of any kind to hit the area was more than 100 years ago. C) The odds of a flood at this level are 1 in 100 in any given year. D) The area is expected to be safe from flooding for at least 100 years.,C
56,What does a complete set of subcribs of a crib in columnar transposition allow for? **Options:** A) Partial determination of the transposition B) Determining the plaintext directly C) Encrypting the ciphertext D) Randomizing the encryption process,A
57,Which network security control system is used to detect the signature of known attacks at the network level? **Options:** A) Intrusion Detection System (IDS) B) Anti-virus System C) Firewall D) Virtual Private Network (VPN),A
58,The Clark-Wilson model focuses on data's: **Options:** A) Format B) Availability C) Integrity D) Confidentiality,C
59,ARP broadcasts messages on the LAN to find what? **Options:** A) MAC address B) Router C) Hostname D) IP address,A
60,Which of the following manages digital certificates? **Options:** A) Certificate authority B) Hub C) Public key D) Police,A
61,What does a firewall protect against in a network? **Options:** A) Physical break-ins B) Power outages C) Unauthorized access D) Data corruption,C
62,What is the purpose of Mobile Device Management (MDM) in an enterprise environment? **Options:** A) To push security policies and manage mobile devices B) To remote lock and wipe personal devices C) To encourage the use of unsecured devices D) To track users' personal activities on their devices,A
63,What is the main purpose of region coding in DVD technology? **Options:** A) To minimize the cost of producing physical film prints for use in movie theatres B) To restrict DVDs to specific regions for global release planning C) To prevent unauthorized access to DVD content D) To enable cross-compatibility among different DVD players,B
64,What is the primary function of the Configuration Control Board (CCB) in Configuration Control? **Options:** A) To serve as a central directing entity for the change process B) To maintain configuration status accounting reports C) To minimize the negative impact of system changes D) To supervise documentation change control,A
65,"How did the initial GSM security mechanisms' protection level compare to that of wireline networks in the context of A5/1 usage? **Options:** A) Provided slightly better protection in countries allowed to use A5/1, but slightly worse elsewhere B) Offered uniform protection across all countries, irrespective of A5/1 usage C) Provided significantly higher protection in countries not using A5/1 D) Offered less protection than wireline networks regardless of A5/1 usage.",A
66,What is the primary function of a Network layer in the OSI model? **Options:** A) Ensuring the transport of data is successful B) Identifying established system sessions C) Determining the path of data packets D) Providing a translation of data,C
67,What cryptographic method is implemented through a key that consists of a random set of non-repeating characters? **Options:** A) Transposition cipher B) Book or Running Key Cipher C) Vernam Cipher (One-Time Pad) D) Steganography,C
68,NIST developed the Risk Management Framework (RMF). What is the second step of the RMF? **Options:** A) Perform a Business Impact Analysis B) Assess the security controls C) Select an initial set of baseline security controls D) Categorize the information system,C
69,Which of the following best identifies the benefit of a passphrase? **Options:** A) It is easy to crack. B) It is short. C) It includes a single set of characters. D) It is easy to remember.,D
70,What is an essential consideration when evaluating the costs and benefits of security measures? **Options:** A) Minimization of all costs B) Potential for personal gain C) Solely monetary costs D) Direct and indirect costs,D
71,What is the purpose of using concatenation as an obfuscation technique in cyber attacks? **Options:** A) To encrypt the data B) To compress the data C) To add redundant data for confusion D) To divide and make the code difficult to understand,D
72,Which wireless networking standard operates solely at 5 GHz? **Options:** A) 802.11ac B) 802.11ax C) 802.11n D) 802.11g,A
73,Which organization initiated efforts to develop the network communication model? **Options:** A) IETF B) W3C C) ISO D) IEEE,C
74,What technique does nonstatistical sampling rely on to help focus on specific events? **Options:** A) Clipping Levels B) Syslog C) Traffic Analysis D) Monitoring Tools,A
75,Which organization provides the Trustworthy Software Framework? **Options:** A) Software Engineering Institute (SEI) B) National Cyber Security Centre (NCSC) C) Trustworthy Software Foundation (TSF) D) US National Institute of Standards and Technology (NIST),C
76,What was one of the significant consequences of the Morris worm's spread? **Options:** A) It highlighted the vulnerability of the Internet to self-sustaining worm attacks B) Many system administrators panicked and disconnected their systems C) It prompted the establishment of the Computer Emergency Response Team (CERT) D) All of the above,D
77,What is the primary function of a network Intrusion Detection System (IDS)? **Options:** A) To authenticate users before allowing network access B) To encrypt all data passing through the network C) To block unauthorized access to the network D) To monitor and analyze network traffic for potential security threats,D
78,What method may an organization use to ensure ongoing compliance with PCI DSS requirements while also maintaining business operations? **Options:** A) Annual PCI DSS assessment B) Third-party validation C) Customized approach D) Implementation of compensating controls,C
79,"In the context of the RED cipher machines, what does cryptanalysis entail? **Options:** A) Searching for normalized kappa values B) Evaluating the performance characteristics of the machine C) Decrypting the ciphertext without prior knowledge of the plaintext or key D) Applying letter substitutions to ciphertext",C
80,Why is the Communications Decency Act relevant in the context of cybersecurity? **Options:** A) To promote access to uncensored information online B) To protect children from harmful content on the Internet C) To secure government communication networks D) To regulate ethical practices during online communication,B
81,"When assessing risks quantitatively, multiplying asset value by exposure factor (EF) yields what result? **Options:** A) Actual cost evaluation (ACV) B) Annualized loss expectancy (ALE) C) Risk elimination D) Single loss expectancy (SLE)",D
82,Which components comprise an extranet? **Options:** A) LAN and WAN B) Public Internet only C) Private network only D) Public Internet and private network,D
83,Which of the following is a key element of incident response in cybersecurity? **Options:** A) Blaming employees for security incidents B) Quickly identifying and resolving security incidents C) Ignoring security incidents to avoid panic D) Denying the existence of security incidents,B
84,Which of the following is a function provided by an SSO product to support the use of smart card security tokens for increased security? **Options:** A) Ability to Support Scripting B) Support a Standard Primary loginid Format C) Support Masking/Generics D) Smart Card Tokens,D
85,"In the context of encryption, which type of key is used for both encryption and decryption of the same data? **Options:** A) Symmetrical key B) Private key C) Public key D) Asymmetrical key",A
86,What schedule is recommended for the ethical hacking testing? **Options:** A) Testing periodically to keep up with advancements in hacker technology and system changes. B) Testing once a year to ensure thorough testing. C) Testing randomly and infrequently to avoid disrupting daily operations. D) Testing bi-annually to allow for significant system changes to occur.,A
87,What does firewalking involve in terms of probing a firewall's configuration? **Options:** A) Modifying the settings of a firewall to allow unauthorized traffic B) Sending TCP and UDP packets at the firewall to determine ACL configurations C) Sending multiple spoofed requests to the firewall to overwhelm its resources D) Analyzing the content of packets to discern firewall rules,B
88,When should the risk and cost findings be summarized in the Information Security Risk Document? **Options:** A) At the Certification Checkpoint B) At the end of the Analyze stage C) At the Requirements stage D) At the beginning of the SDSM process,B
89,"Which protocol provides integrity, authentication, sequence integrity, and non-repudiation, but not confidentiality? **Options:** A) Internet Security Association and Key Management Protocol (ISAKMP) B) Encapsulating Security Payload (ESP) C) Authentication Header (AH) D) Public Key Infrastructure (PKI)",C
90,Which of the following is a critical component of cryptography to ensure secure data transmission? **Options:** A) Residue class of integers B) Complexity of the encryption algorithm C) Correct mapping or function D) Probabilistic encryption,C
91,"Which framework offers guidelines specifically addressed towards information security, with widely-known standards such as BS 7799 and its descendants? **Options:** A) ISO 27000 B) Committee of Sponsoring Organizations of the Treadway Commission C) Basel II D) Balanced Scorecard",A
92,What is the preferred encryption option for sending large amounts of data? **Options:** A) Asymmetric encryption B) Public Key Cryptography C) Diffie-Hellman scheme D) Symmetric encryption,D
93,What is the process of converting sensitive data into an unreadable form to prevent unauthorized access? **Options:** A) Decryption B) Hashing C) Encryption D) Obfuscation,C
94,What method is recommended to protect e-mail servers from virus-infected messages that enter the internal networks through portable computing devices and remote access to remote email accounts? **Options:** A) Upgrading the e-mail clients with the latest security patches B) Installing antivirus software on all workstations C) Scanning all email messages on the internal e-mail servers D) Blocking IMAP and POP TCP ports on the firewalls,C
95,What is the primary method of propagation for a worm? **Options:** A) Moving from one systems to another across networks. B) Infecting system memory and continuously reinfecting files. C) Self-replication within the same file. D) Infecting documents through macro scripts.,A
96,Which of the following is a valid reason for an organization to consider using the customized approach to meet a PCI DSS requirement? **Options:** A) To define a compensating control B) Legitimate and documented technical or business constraints C) Simplification of the annual PCI DSS assessment process D) To avoid the need for ongoing monitoring of controls,B
97,What should be included in the Security Plan/Concept of Operations in the C&A process? **Options:** A) Guidance on potential threats and vulnerabilities B) Security measures to address system security requirements C) List of system deficiencies D) An analysis of the system architecture,B
98,"Which of the following would lower the level of password security? **Options:** A) After a set number of failed attempts, the server will lock the user out, forcing her to call the administrator to re-enable her account. B) All passwords are set to expire after 30 days. C) Passwords must be greater than eight characters and contain at least one special character. D) Complex passwords that users cannot change are randomly generated by the administrator.",D
99,Which domain would be considered suspicious and potentially fraudulent? **Options:** A) login.microsoft.com B) www.microsoft.com C) secure-login.microsoft.com D) microsoft.secure-login.com,D
100,What is the main purpose of server enumeration in the context of cybersecurity? **Options:** A) Determining what services are running and extracting information from those services B) Scanning for system vulnerabilities C) Identifying network protocols and port numbers D) Extracting user information from a network,A
101,What is the primary objective of an injection attack? **Options:** A) To obtain sensitive information of users B) To overload the server with massive amounts of data C) To test the server's response time D) To pass exploit code to the server through poorly designed input validation,D
102,What technology is used to control access both to wired and wireless LANs under the IEEE 802.1x standard? **Options:** A) Authentication servers B) Dynamic WEP keys C) MAC address checking D) Router filters,A
103,Which action capability in panels grants the ability to insert a new row? **Options:** A) Add B) Update/Display All C) Update/Display D) Correction,A
104,Which cryptographic algorithm is commonly used as the asymmetric component in a hybrid cryptosystem? **Options:** A) CBC (Cipher Block Chaining) B) DES (Data Encryption Standard) C) AES (Advanced Encryption Standard) D) RSA (Rivest‐Shamir‐Adleman),D
105,What is the objective of risk management when risks are deemed tolerable? **Options:** A) To replace or abandon the aspect of the system at risk. B) To reduce risks with reasonable methods to a level as low as reasonably possible (ALARP). C) To utilize risks for pursuing opportunities and achieving desirable outcomes. D) To embrace and accept the risks without any intervention.,B
106,What is the essential requirement for the security of the Discrete Logarithm Integrated Encryption Scheme (DLIES) to be maintained? **Options:** A) The order q of the base point P should be at least q ≥ 1024. B) Randomly choose two primes p and q such that p*q > 2048 bits. C) The length of the prime number p should be at least 3000 bits. D) All of the above,C
107,What is the primary objective of a Web Application Firewall (WAF) in cybersecurity? **Options:** A) To encrypt network traffic between web servers B) To prevent unauthorized access to network services C) To protect web applications from security threats D) To manage user authentication and authorization for web services,C
108,What is the most basic and minimum step for securing WLANs according to best practices? **Options:** A) Enable WPA2 encryption on all access points as a minimum security measure B) Change the default SSID C) Turn off the 2.4GHz frequency band and switch exclusively to the 5GHz band D) All of the above,A
109,Which cryptographic technique is used to create a secure channel for communication over the internet? **Options:** A) Steganography B) Public key encryption C) Digital signatures D) Hashing,B
110,What is the primary security objective of a one-time pad? **Options:** A) Confidentiality B) Data integrity C) Availability D) Authentication,A
111,Which type of transmission media uses a pair of parabolic antennas to transmit and receive signals? **Options:** A) Microwave B) Optical fibers C) Infrared D) Coaxial cables,A
112,Which of the following is a good practice for detecting unauthorized changes on payment pages? **Options:** A) Implementing intrusion detection systems B) Reviewing audit logs once a month C) Regularly monitoring the system clock D) Installing additional antivirus software,A
113,What is the term used to refer to an algorithm that can perform encryption or decryption? **Options:** A) Symmetric key B) Asymmetric key C) Key D) Cipher,D
114,What information does a buffer overflow intend to control? **Options:** A) Buffer pointer B) Frame pointer C) Instruction pointer D) Stack pointer,C
115,Which symmetric encryption scheme is recommended for use in SRTP? **Options:** A) AES in ECB mode B) DES in CBC mode C) RC4 D) AES in GCM mode,D
116,What is one key element in an IT security awareness program? **Options:** A) Supported and led by example from management B) Entirely outsourced to external vendors C) Quadratically linked with IT system patching D) Complex and technical in its delivery,A
117,What must an information protection department continually provide to the entire organization to promote awareness of information protection issues? **Options:** A) No communication B) Restricted access to information C) Boring and infrequent memos D) Information and training,D
118,Which biometric property is concerned with the ability of users to resist or refuse to participate in a system that uses biometric identification? **Options:** A) Autonomy of the users B) Secondary use C) Characteristic replacement D) Ease of use,A
119,What is the term for the practice of requesting sensitive information from individuals in order to gain unauthorized access or misuse of their personal information? **Options:** A) Phishing B) Denial of Service (DoS) C) Malware D) Hacking,A
120,During a Xmas tree scan what indicates a port is closed? **Options:** A) A single RST packet B) ACK C) No return response D) SYN,A
121,What security benefit is derived from the use of smartcard chips alongside magnetic strips in ATM cards? **Options:** A) Increased physical durability B) Ease of use C) Protection against chip malfunctions D) Enhanced tamper resistance,D
122,What is the role of the librarian in an operations setting? **Options:** A) Daily operations of the systems and applications B) Recovering aged backups for reuse C) Providing first-level support for the users D) Maintaining various media and protecting organization from corrupt or contaminated media,D
123,"What best characterizes a flaw in hardware, firmware, communication, or software that exposes a computer processing system to potential exploitation? **Options:** A) Ransomware B) Phishing C) Technical vulnerability D) Buffer Overflow",C
124,What system resource is typically used as bait for attackers in order to gather relevant information about attack processes and new malicious code? **Options:** A) Honeypot B) Firewall C) Virtual Private Network (VPN) D) Intrusion Prevention System,A
125,"When segmenting internal traffic between layer 2 devices on the LAN, which network design element is most likely to be used? **Options:** A) VLAN B) DMZ C) Routing D) NAT",A
126,Which choice is NOT an accurate description of C.I.A.? **Options:** A) I stands for integrity. B) A stands for authorization. C) A stands for availability. D) C stands for confidentiality.,B
127,What record would you use to obtain the list of mail servers for a domain? **Options:** A) dig domain.com @mx B) whois mx zone= domain.com C) netstat zone= domain.com mx D) dig mx domain.com,D
128,Which tool is commonly used to perform wireless network hacking? **Options:** A) Nmap B) WireShark C) AirCrack-ng D) Metasploit,C
129,What determines the value of the tweak in XTS-AES mode for a specific block of data? **Options:** A) The symmetric key used for encryption B) The length of the plaintext block C) The block number within the data unit D) A unique value assigned to each data unit,C
130,Which option is NOT a reason to update the business continuity plan? **Options:** A) Personnel changes B) Infrastructure changes C) Organizational changes D) Budget changes,D
131,What is the primary requirement for the secure time service used in a Kerberos implementation? **Options:** A) Strictly Synchronized Clocks B) Automatic Failover C) Real-Time Propagation D) Secure Remote Administration,A
132,Which protocol for wireless ad hoc networks is based on link state protocols and uses signatures to protect link state updates? **Options:** A) WEP B) ARAN C) SPINS D) SLSP,D
133,Which feature of IKEv1 is now an integral part of the IKEv2 core specification? **Options:** A) Aggressive mode B) Revised mode C) Main mode D) NAT traversal,D
134,What type of system could you use to trap and monitor an attacker? **Options:** A) Honeypot B) Next-generation firewall C) Web application firewall D) DMZ,A
135,What is the first function specified by NIST in its Cybersecurity Framework? **Options:** A) Defend B) Identify C) Risk management D) Protect,B
136,"What are the properties that fingerprints need to present in order to achieve practical implementations? **Options:** A) Universality, impermanence, and collectability B) Universality, uniqueness, and impermanence C) Uniqueness, impermanence, and collectability D) Universality, uniqueness, and permanence",D
137,What term is used to describe the authority to regulate activities and make decisions about a specific subject matter? **Options:** A) Subject matter jurisdiction. B) Territorial jurisdiction. C) Enforcement jurisdiction. D) Prescriptive jurisdiction.,A
138,Which concept refers to making sure no one gets unauthorized access to information and can be achieved through the use of encryption? **Options:** A) Availability B) Possession C) Integrity D) Confidentiality,D
139,"What type of attack occurs when an attacker captures, modifies, and retransmits data over a network to impersonate the sender or receiver? **Options:** A) Replay attack B) Smurf attack C) Hijacking D) Man-in-the-middle attack",D
140,What is one reason for using a scan like an ACK scan as mentioned in the content? **Options:** A) It may get through firewalls and IDS devices. B) The code in nmap is more robust. C) It is better supported. D) An ACK scan is needed for scripting support.,A
141,What is the primary purpose of a stream cipher? **Options:** A) To encipher data one bit at a time B) To encipher data in fixed-size blocks C) To compress data for efficient storage D) To secure data transmission over public networks,A
142,"In a layered defense, what does deterrence aim to achieve? **Options:** A) Simulate additional layers of protection B) Delay unauthorized access attempts C) Discourage attempts by making the prize less appealing than the risk D) Increase the number of access control systems",C
143,Which organization provides a Cybersecurity Framework for highlighting phases in which businesses should consider implementing security controls? **Options:** A) IEEE B) ISO C) NIST D) ISC,C
144,"In the context of trade secrets, what does DTSA refer to? **Options:** A) Domestic Trade Secret Act B) Defend Trade Secrets Act C) Duty to Safeguard Trade Secrets D) Digital Trade Secrets Authority",B
145,What is a potential approach for firms to ensure security when investing in a serious firewall system? **Options:** A) To use a simple filtering router that requires little maintenance. B) To create multiple networks with different security policies based on department needs. C) To have a single large corporate firewall for the entire organization. D) To invest in elaborate central installations that impose greater operational costs.,B
146,How can a security professional detect unexplained changes in system files that may indicate the presence of a rootkit? **Options:** A) Rely on system audit logs to identify unauthorized modifications to system files. B) Manually review the size and attributes of all system files in the directory. C) Using multiple hashing algorithms and comparing the hash values from different points in time. D) Depend exclusively on anti-virus software to identify changes in system files.,C
147,What cryptographic concept does the paper 'High Confidence Visual Recognition of Persons by a Test of Statistical Independence' focus on? **Options:** A) Hash Functions B) Steganography C) Biometrics D) Digital Signatures,C
148,What attack is related to ARP and involves altering the domain-name-to-IP-address mappings in a DNS system? **Options:** A) Hyperlink spoofing B) Impersonation C) DNS spoofing D) Replay attack,C
149,"In a Public Key Infrastructure (PKI), what is the mechanism used to validate the identity of certificate subjects in a decentralized model for verification? **Options:** A) Certificate revocation B) Nonverifiability C) Centralized authority D) Web of trust",D
150,Which cryptographic primitive provides information-theoretic security? **Options:** A) One-Time Pad B) DLP C) PRF D) RSA,A
151,What makes network administrators constantly change security protocols? **Options:** A) Evolution of cyber threats B) Stagnant security solutions C) Decrease in technology advancements D) Limited network infrastructure,A
152,Which protocol can be used to determine port openness? **Options:** A) IPSec B) ICMP C) FTP D) HTTP,B
153,"Why do proponents of closed source software argue that many eyes reviewing open source code does not necessarily lead to improved security? **Options:** A) Even if reviewed, many developers cannot understand security at a deep enough level to find problems. B) Open source code is often messy and difficult to review thoroughly. C) None of the above. D) Both A and B.",D
154,"In a symmetric cryptosystem, what is used to ensure an attacker can't merely continue altering the plaintext to determine the key? **Options:** A) Transposition B) Confusion C) Polymorphism D) Diffusion",D
155,What is the process for establishing the controls required to protect the organization? **Options:** A) Management support B) Policy development C) Continuous improvement D) Procedure writing,B
156,How often should user accounts and access privileges to in-scope system components be reviewed under PCI DSS 4.0 to ensure they are appropriate based on job functions? **Options:** A) At least once every six months B) At least once every 18 months C) At least once every three months D) At least once every 12 months,A
157,Which aspect does the Detect function of the NIST Cybersecurity Framework primarily focus on? **Options:** A) Isolating incidents and applying mitigation steps B) Identifying anomalies and events C) Restoring normal business operations D) Identifying risk to the business,B
158,Which essential characteristic of cloud computing refers to the ability to expand and reduce resources according to specific service requirements? **Options:** A) On-demand self-service B) Measured service C) Rapid elasticity D) Broad network access,C
159,What is the primary purpose of a firewall in a network infrastructure? **Options:** A) To encrypt wireless traffic B) To authenticate users C) To manage network traffic D) To enforce access control policies,D
160,What is the term for a group that is commutative? **Options:** A) Cyclic group B) Permutation group C) Normal group D) Abelian group,D
161,"In Pretty Good Privacy (PGP), what cryptographic technique is used for encrypting data? **Options:** A) DES algorithm B) Asymmetric encryption C) Symmetric encryption D) A hybrid cryptosystem merges symmetric and public-key encryption.",D
162,What is the function of a stateful inspection firewall? **Options:** A) Monitors and matches network packets to a set of rules B) Performs deep packet inspection C) Enforces security policy at the application layer D) Inspects the state of network connections,D
163,What is another term for technical controls? **Options:** A) Logical controls B) Access controls C) Preventative controls D) Detective controls,A
164,Which of the following is a common biometric factor used for authentication? **Options:** A) Account password B) Email challenge C) Device fingerprinting D) Retina scans,D
165,Which mode is more vulnerable to a cut-and-paste attack? **Options:** A) Block Cipher mode B) Stream cipher mode C) Cipher Block Chaining (CBC) mode D) Electronic Codebook (ECB) mode,D
166,What is the main focus of the Vulnerability Analysis task in Information Risk Management? **Options:** A) To determine the current status of information security in the target environment and ensure associated risk is managed B) To identify threats that may adversely impact the target environment C) To identify weaknesses in risk-reducing safeguards D) To measure the magnitude of loss or impact on the value of an asset,C
167,"What are the four basic threats to consider when using Internet, intranet, and Web technologies? **Options:** A) Unauthorized use, data loss, hardware failure, system breach B) Malicious software, password breaches, data theft, unauthorized modification C) Unauthorized access, eavesdropping, data alteration, impersonation D) Phishing, malware, hacking, eavesdropping",C
168,What type of encryption protocol uses elliptic curve cryptography and can establish a secure connection with lesser key lengths? **Options:** A) ECC B) Diffie-Hellman C) RSA D) Twofish,A
169,What is the principal purpose of using a three-level approach for distributing session keys in a public-key infrastructure? **Options:** A) To provide secure means of distributing master keys B) To improve the performance of the system C) To enhance backward compatibility D) All of the above,D
170,In which mode is an Initialization Vector (IV) necessary for the encryption and decryption process? **Options:** A) Stream cipher mode B) Electronic Codebook (ECB) mode C) Block Cipher mode D) Cipher Block Chaining (CBC) mode,D
171,What is the concept of 'least privilege' in cybersecurity? **Options:** A) Granting every user unlimited access to system resources B) Ignoring any privilege constraints for operational efficiency C) Granting only top-level management access to critical resources D) Granting each user the most restricted set of privileges needed for their task,D
172,What is the purpose of an API? **Options:** A) To map network layer addresses onto media-specific addresses B) To provide a set of calling conventions for invoking a service C) To authenticate users D) To identify network vulnerabilities,B
173,What is the goal of Business Continuity Planning (BCP) in the context of information security strategy? **Options:** A) To conduct regular awareness training for employees B) To implement disaster recovery plans for the data center C) To ensure the ability to continue essential business operations at an alternate site D) To develop strategies for minimizing loss of life and property damage,C
174,Which of the following is a fundamental practice to protect against social engineering attacks? **Options:** A) Installing antivirus software B) Conducting regular security awareness training C) Using strong encryption algorithms D) Enforcing strict password complexity rules,B
175,What is the objective of differential cryptanalysis in the context of cybersecurity? **Options:** A) To improve the authentication of the encrypted data B) To create a more efficient encryption process C) To enhance the randomness of the ciphertext D) To attempt to identify the unknown key from corresponding plain/ciphertext differentials,D
176,Why do attackers actively search for software flaws? **Options:** A) To improve software performance B) To take advantage of the security implications C) To get recognition in the software community D) To help normal users fix bugs,B
177,Which layer of the OSI model is the primary focus for network layer security? **Options:** A) Transport layer B) Application layer C) Data link layer D) Network layer,D
178,When is a cyber operation treated as a 'cyber attack' under international law? **Options:** A) When it constitutes an action that is expected to cause injury or death to persons or damage or destruction to objects. B) When it involves the use of force that is unreasonable or excessive. C) When it violates the principles of humanity within the law of armed conflict. D) When it involves the exercise of military necessity.,A
179,Which type of attack involves an attacker forcing an end user to execute unwanted actions on a web application in which they are currently authenticated? **Options:** A) Cross-Site Scripting (XSS) attack B) Buffer Overflow attack C) SQL injection attack D) Cross-Site Request Forgery (CSRF) attack,D
180,What is the purpose of port mirroring/SPAN on a switch? **Options:** A) To forward packets between different VLANs B) To establish a secure connection between two devices C) To duplicate traffic from one port to another for analysis D) To increase the network transmission speed,C
181,"While most symmetric key encryption systems function as block ciphers, what does a block cipher do? **Options:** A) Is an asymmetric key algorithm. B) Breaks a message into fixed length units for encryption. C) Converts a variable-length of plaintext into a fixed length ciphertext. D) Encrypts by operating on a continuous data stream.",B
182,Which of the following is NOT considered a type of motion detector? **Options:** A) Audio detection B) Smoke detection C) Capacitance detection D) Wave pattern detection,B
183,What type of attack attempts to disrupt normal traffic flow to a web server? **Options:** A) Man-in-the-Middle (MITM) B) Denial-of-Service (DoS) C) SQL Injection D) Cross-Site Scripting (XSS),B
184,"What is the label typically used for information that, if breached, would cause serious damage to the organization's mission? **Options:** A) Sensitive B) Public C) Private D) Confidential/Proprietary",D
185,"What property must a cryptographic hash function provide? **Options:** A) Block size and cipher mode B) One-way, weak collision resistance, and strong collision resistance C) Compression and efficiency D) Randomness and large output size",B
186,What is the purpose of the Unsolicited Electronic Mail Act? **Options:** A) To regulate unsolicited commercial email by prohibiting false or misleading information in the content and subject line. B) To define the legal consequences of unsolicited email messages. C) To ban all unsolicited commercial email messages sent to Washington residents. D) To require spammers to register their email accounts with the Washington Association of Internet Service Providers (WAISP).,A
187,What type of Intrusion Detection System (IDS) watches activity on a local system? **Options:** A) Host-based IDS B) Unified Threat Management C) Application Layer Firewall D) Network IDS,A
188,What is an ICMP echo scan? **Options:** A) A Xmas tree scan B) Part of a UDP scan C) A ping sweep D) A SYN scan,C
189,What is the primary purpose of FTP? **Options:** A) Securing network connections B) Sending and receiving emails C) Programming complex applications D) Sharing files,D
190,What do Unified Threat Management (UTM) devices do? **Options:** A) Provide encryption for all network traffic B) Consolidate various security functions into a single system C) Focus only on intrusion detection D) Implement advanced deep packet inspection,B
191,Which organization oversees the consistent interpretation and application of the Common Criteria/CEM? **Options:** A) National Evaluation Authority B) Common Criteria Implementation Management Board C) Common Criteria Testing Laboratories D) Customers or end users,B
192,"What is the role of a VPN (Virtual Private Network) in cybersecurity? **Options:** A) To boost network performance by bypassing firewalls and filters B) To provide access to confidential data without authentication C) To establish secure and encrypted connections over a public network, such as the internet D) To create a secluded network for non-sensitive data",C
193,What attribute of a ticket ensures that it can be used by an intermediate service on behalf of the client? **Options:** A) Forwardable B) Proxiable C) Managable D) Session Key,B
194,What kind of data is created by analyzing groups of dynamic transactions over time to build a profile of one's behavior? **Options:** A) Dynamic data B) Derived data C) Financial data D) Static data,B
195,Your organization has decided that the organization needs to implement password policies for better security. Which password policy will likely REDUCE network security? **Options:** A) Requiring users to change passwords in 60 days rather than 90 days B) Requiring users to increase the length of their passwords from six characters to eight characters C) Requiring users to use easily remembered passwords D) Requiring users to use symbols such as the $ character and the % character in their passwords,C
196,Which area is likely to experience continual growth in national policy related to privacy and data protection? **Options:** A) Real ID Act B) Computer Emergency Response Teams C) Privacy and confidentiality of information D) ISO17799 and BS7799,C
197,"Which tool is used to discover hosts on a network and can perform a ping scan, port scan, and OS fingerprinting? **Options:** A) OpenVAS B) Metasploit C) Wireshark D) Nmap",D
198,Which type of rootkit targets the system service descriptor table (SSDT) to alter kernel mode function calls on the system? **Options:** A) Source code rootkit B) Kernel mode rootkit C) Bootloader rootkit D) User mode rootkit,B
199,"What is the definition of the Internet of Things (IoT)? **Options:** A) A group of devices that operate independently, lacking the use of sensors and electronic components for the purpose of gathering data. B) The Internet of Things (IoT) operates entirely offline, without the need for any internet connectivity or network communication. C) A term associated with IP-enabled wearables such as smart watches and Internet-enabled earrings. D) A network of devices with IP addresses that have the capability of sensing, collecting, and sending data to each other.",D
200,"What are the fundamental components of security policies and procedures? **Options:** A) Physical controls, administrative controls, technical controls. B) Assessing risk, business impact analysis, threat analysis. C) Protection of the physical environment, monitoring and control of access, security monitoring and metrics. D) Policies related to data security, network security, and physical security.",A
201,Which action can an adversary perform in the Dolev-Yao adversary model? **Options:** A) Forge B) Delete C) Eavesdrop D) All of the above,D
202,Which of the following can prevent session hijacking? **Options:** A) SandroProxy B) DroidSheep C) FaceNiff D) Psiphon,D
203,"Which method for finding prime factors of an integer involves the selection of a random function f, followed by the generation of a sequence based on the rule xi = f(xi-1)? **Options:** A) Pollard's p-1 Method B) Floyd's Cycle Detection Algorithm C) The Sieve of Eratosthenes D) Pollard's rho Algorithm",D
204,What is the purpose of a ping sweep in network scanning? **Options:** A) To identify live systems on the network B) To identify vulnerabilities in network protocols C) To gather information about network devices D) To check for insecure wireless networks,A
205,Which tool can be used to clone a legitimate website for social engineering attacks? **Options:** A) Metasploit B) cURL C) WinHTTrack D) FiercePhish,C
206,What is the primary purpose of the CAPTCHA system in cybersecurity? **Options:** A) To differentiate between human and machine users B) To encrypt and protect password information C) To prevent unauthorized access to sensitive information D) To authenticate user identities through facial recognition,A
207,"What is the term for measures in place to prevent, detect, or correct impacts from risks? **Options:** A) Threats B) Controls C) Vulnerabilities D) Assets",B
208,Which cybersecurity measure hides a network node or device's presence to reduce the chances of being targeted by an attacker? **Options:** A) Intrusion Detection System (IDS) B) Firewall C) Stealth Mode D) Honeypot,C
209,Which security principle requires that processes should be executed in user mode whenever possible to minimize potential vulnerabilities? **Options:** A) Abstraction B) Least Privilege C) State Machine Model D) Noninterference Model,B
210,Which of the following are primary categories of network security threats? **Options:** A) Phishing and malware B) Unauthorized access and disruptive C) Adware and spam D) Denial of service and data theft,B
211,"What is the primary purpose of a Virtual Private Network (VPN) in cybersecurity? **Options:** A) To create a secure, encrypted connection over a less secure network B) To disguise the user's physical location C) To provide instant messaging inside a network D) To improve online gaming performance",A
212,Which of the following is a common social engineering technique used by cyber attackers? **Options:** A) Data encryption B) Antivirus software C) Phishing D) Two-factor authentication,C
213,What is the process of formal acceptance of a certified configuration called? **Options:** A) Evaluation B) Certification C) Accreditation D) Validation,C
214,What does the term 'SPIM' refer to in the context of instant messaging? **Options:** A) Inappropriate use of IM language B) Encrypted IM communication C) Spam over instant messaging D) Secure privacy in instant messaging,C
215,The Take-Grant model: **Options:** A) Focuses on confidentiality B) Specifies the levels of availability C) Specifies the rights that a subject can transfer to an object D) Specifies the levels of integrity,C
216,"Which Act established a Federal Chief Information Officers Council to oversee government information and services? **Options:** A) The Enhanced Border Security and Visa Entry Reform Act of 2002 B) The E-Government Act of 2002 C) The Homeland Security Act of 2002 D) The Public Health Security, Bioterrorism Preparedness & Response Act of 2002",B
217,"What are the three fundamental information security concerns described in the context of application systems development? **Options:** A) Confidentiality, availability, integrity B) Confidentiality, reliability, authentication C) Integrity, visibility, authorization D) Confidentiality, redundancy, availability",A
218,Which type of firewall looks beyond the headers and inspects the payload of the packet? **Options:** A) Unified Threat Management B) Deep Packet Inspection C) Packet Filter D) Stateful Filter,B
219,Which knowledge-based AI system seeks to embody the accumulated knowledge of experts on a particular subject and apply it in a consistent fashion to future decisions? **Options:** A) Neural Networks B) Expert Systems C) Machine Learning D) Data Analytics,B
220,Regularly updating software and systems helps to mitigate: **Options:** A) Data breach incidents B) Phishing attempts C) Denial-of-Service attacks D) Ransomware attacks,A
221,What is used to keep subjects accountable for their actions while they are authenticated to a system? **Options:** A) Access controls B) Performance reviews C) Account lockout D) Monitoring,D
222,What type of system performs or controls a function as an integral element of a larger system? **Options:** A) Discretionary Access Control System B) Distributed Routing System C) Electronic Vaulting System D) Embedded System,D
223,What technique is primarily used to gain illegitimate access to a system by learning the username and password of an authorized user? **Options:** A) XSS attack B) Password guessing attacks C) Rootkit attacks D) Dictionary attacks,B
224,What technique involves lowering the pulse repetition frequency to capture the receiver and then moving the fake pulses out of phase? **Options:** A) Monopulse B) Range Gate Pull-Off (RGPO) C) Burn-Through D) Passive Coherent Location,B
225,What factor determines the role of trusted third parties in the surveys approach for creating personal privacy policies? **Options:** A) The trust and reliability associated with the resulting community consensus. B) The capability of the third party to safeguard personally identifiable information (PII). C) The level of authority held by the third party within the organization. D) The potential errors or limitations in policy formulation by the third party.,A
226,What does the term 'ransomware' refer to in the context of cybersecurity? **Options:** A) Malicious software used for surveillance purposes B) Phishing emails used to spread computer viruses C) A type of malware that encrypts files and demands payment for decryption D) Unauthorized access to private networks,C
227,Which protocol ensures guaranteed delivery of messages? **Options:** A) Internet Control Message Protocol (ICMP) B) Transmission Control Protocol (TCP) C) Dynamic Host Configuration Protocol (DHCP) D) User Datagram Protocol (UDP),B
228,Which biometric characteristic is vital to a system meeting high security requirements? **Options:** A) Uniqueness of the biometric organ and action B) Resistance to counterfeiting C) Acceptability to users D) Data storage requirements,B
229,What is the primary focus of a well-run vertical organization? **Options:** A) Compliance and loyalty to leaders B) Dependence on the leadership C) Family-like membership D) Top-down accountability or authority,D
230,Which mode is used for PC-to-PC direct communication in a WLAN? **Options:** A) Infrastructure mode B) 5 GHz mode C) Ad hoc mode D) None of the above,C
231,Which method is commonly used to authenticate and authorize users for network access in a centralized manner? **Options:** A) VPN B) Kerberos C) SSH D) PKI,B
232,What should a preventive control aim to do? **Options:** A) Mitigate the damage from an incident B) Report untoward activity C) Stop an event from happening D) Detect an event that has taken place,C
233,You are tasked with updating your organization's data policy and need to identify the responsibilities of different roles. Which data role is responsible for implementing the protections defined by the security policy? **Options:** A) Data controller B) Data user C) Data processor D) Data custodian,D
234,What is the fundamental principle behind mandatory vacations in an organization from a security perspective? **Options:** A) To promote job rotation and skill development B) To prevent fraudulent or malicious activities C) To facilitate better job performance and satisfaction D) To encourage employees to take time off for rest and relaxation,B
235,What is the name of the seventh layer of the OSI model? **Options:** A) Network B) Presentation C) Application D) Session,C
236,What role does the Common Vulnerability Scoring System (CVSS) play in cybersecurity? **Options:** A) It provides a standard for risk assessment and compliance. B) It is used to classify vulnerabilities based on their severity. C) It rates the impact of vulnerabilities with a synthetic numerical score. D) It offers a way to identify common mitigation and prevention strategies for threats.,C
237,What is the main advantage of capabilities over ACLs? **Options:** A) Granular control over user privileges. B) Ease of enforcement of access control rules. C) Ability to easily delegate privileges. D) Simple implementation and lower overhead.,C
238,What is the primary focus of security policies? **Options:** A) Setting the overall direction and requirements B) Daily operational procedures C) Long-term network maintenance D) Implementation of technology solutions,A
239,What is the Elliptic Curve Integrated Encryption Scheme (ECIES)? **Options:** A) A hybrid encryption scheme based on the Diffie-Hellman algorithm for asymmetric encryption B) A hybrid encryption scheme based on the Elliptic Curve Diffie-Hellman algorithm for asymmetric encryption C) A hybrid encryption scheme based on the RSA algorithm for asymmetric encryption D) A symmetric encryption scheme for encrypting data using elliptic curves,B
240,Why may access controls be compromised in development environments? **Options:** A) To increase system performance B) To conform to regulatory requirements C) To prevent unauthorized access D) To enhance user convenience,D
241,What is the primary objective of a Cyber Incident Response Plan? **Options:** A) To prevent unauthorized access to sensitive information B) To coordinate an organized response to cyber incidents C) To recover data after a security breach D) To identify potential vulnerabilities in information systems,B
242,"As a security professional, what should be your foremost objective in line with the CIA triad? **Options:** A) Auditing B) Confidentiality C) Non-repudiation D) Integrity",B
243,What is the purpose of exchanging public keys in GPG? **Options:** A) To sign and timestamp emails B) To securely encrypt emails C) To protect the private key D) To authenticate the recipient,B
244,What is the function of MegaPing in a network troubleshooting context? **Options:** A) Identifying systems that are unresponsive B) Running a port scanning tool C) Incorporating multiple functions into a single interface D) Performing a UDP scan,C
245,What is the critical issue in identifying a friend from foe in a scenario involving multiple friendly and hostile platforms? **Options:** A) The effective range of radar B) The number of specialist support vehicles with dedicated equipment C) The impact of jamming on the system issues D) The reliable methodology for distinguishing friend from foe,D
246,Which security measure should be used to prevent malicious access to unmanned aerial vehicles (UAVs)? **Options:** A) Enhance biometric authentication techniques B) Increase reliance on physical security methods C) Utilize advanced network access control D) Employ geofencing policies,D
247,Which protocol is used for securely transferring files over a network? **Options:** A) HTTP B) SSH C) SMTP D) DNS,B
248,What file is instrumental in preventing dictionary attacks against Unix systems? **Options:** A) /etc/shadow B) /etc/pwlog C) /etc/passwd D) /etc/security,A
249,What device best protects access to an organization’s internal resources while allowing all external traffic to access the front-end servers? **Options:** A) VLAN B) DMZ C) Virtualization D) Cloud computing,B
250,Which of the following controls protect data from unauthorized disclosure? **Options:** A) Operational safeguards B) Integrity controls C) Audit and variance detection D) Confidentiality controls,D
251,What is the role of the initial and final permutations in the DES algorithm? **Options:** A) Initial permutation changes the key and final permutation changes the plaintext B) Initial permutation rearranges the bits and final permutation reconstitutes the key C) Initial permutation redistributes the bits and final permutation inverses the key D) Initial permutation shuffles the bits and final permutation selects the key,B
252,What does the Common Vulnerability Scoring System (CVSS) provide? **Options:** A) A method for automating vulnerability management B) A classification for controlling inbound and outbound traffic C) A way to capture the characteristics of a vulnerability D) A ranking system for network security zones,C
253,What is the primary function of firewalls in a cybersecurity infrastructure? **Options:** A) To encrypt network traffic for secure transmission B) To secure physical access to network devices C) To monitor and control incoming and outgoing network traffic D) To prevent unauthorized use of data storage devices,C
254,Credentials are composed of which of the following elements? **Options:** A) Something you know and something you have B) Username and password C) PIN code + certificate  D) All of the above,D
255,What is the primary goal of Configuration Status Accounting? **Options:** A) To trace system changes and establish the history of any developmental problems and associated fixes B) To monitor the status of current changes as they move through the configuration control process C) Both A and B D) Only B is correct,C
256,What is a good protection strategy for the expensive electronics and operational tape backups within a computer room? **Options:** A) Fire suppression systems B) Stand-alone air conditioning C) Uninterruptible power supply D) Raised flooring,A
257,What does the term 'Phishing' refer to in cybersecurity? **Options:** A) A method of stealing physical documents B) A type of hacking attack C) A form of biometric authentication D) A fraudulent attempt to obtain sensitive information,D
258,"What authentication scheme is based on the fact that finding a square root modulo N is comparable in difficulty to factoring? **Options:** A) Fiege, Fiat, and Shamir protocol B) Bob’s Cave protocol C) Zero Knowledge Proof protocol D) Fiat-Shamir protocol",D
259,What is an effective method to restrict access based on the principle of least privilege? **Options:** A) Assigning all users the same access privileges. B) Enabling 'allow all' access by default. C) Implementing role-based access control. D) Allowing unrestricted access to system components.,C
260,Which international standard defines principles for incident management? **Options:** A) NIST SP800-53 B) ISO/IEC 27005 C) ISO/IEC 27035-1 D) FAIR,C
261,Which tool is used to test a system for known security vulnerabilities and weaknesses? **Options:** A) Firewall B) Vulnerability scanner C) Honey pot D) Padded cell,B
262,What is an effective way to train users in choosing and remembering passwords? **Options:** A) Conducting background checks on users B) Issuing random passwords to users C) Implementing password encryption for secure data transfer D) Providing negative feedback for poor password choices,D
263,What is the main purpose of implementing separation of duties in cybersecurity? **Options:** A) To increase employee resistance to information sharing B) To assign multiple tasks to one person for efficiency C) To avoid the risk of a single person having too much control D) To allow single users to have specific set of privileges,C
264,What is the key concept underlying the principle of confidentiality in cybersecurity? **Options:** A) Data classification B) Data encryption C) Integrity of data D) Availability of information,B
265,Which of the following is a best practice to secure a wireless network? **Options:** A) Share the network SSID openly B) Use default network settings C) Disable encryption D) Change default passwords,D
266,What was the purpose of the development of the Colossus machine during World War II? **Options:** A) To encrypt military communications B) To communicate securely between parties C) To protect high-level communications D) To analyze German ciphertext,D
267,Which of the following is not a VPN protocol? **Options:** A) IPSec B) L2F C) SLIP D) PPTP,C
268,"As part of access control mechanism, the project team should consider what type of requirement? **Options:** A) Reliability of service B) Encryption requirements C) User communities specification D) Authorization",D
269,What was the primary lesson learned from the pay-TV industry's response to piracy? **Options:** A) It is better to let a pirate build up a substantial user base before taking legal action B) Legal enforcement alone is adequate for copyright protection C) Engineering and legal aspects of copyright protection should work independently D) Engineering and legal aspects of copyright protection should work together,D
270,A cybersecurity policy should address: **Options:** A) Guidelines for acceptable use of technology B) Methods for hacking into computer systems C) Means to install unauthorized software D) Techniques to exploit software vulnerabilities,A
271,"What is the central task of Information Risk Management in project sizing? **Options:** A) The identification of background, scope, constraints, objectives, responsibilities, approach, and management support B) Identifying threats that may adversely impact the target environment C) Identifying and valuing assets, both tangible and intangible, and their replacement costs D) Evaluating vulnerabilities that could increase the frequency or impact of threat events",A
272,"According to the Internet Activities Board (IAB), which activity is considered a violation of ethical behavior on the Internet? **Options:** A) Wasting resources B) Appropriating other people’s intellectual output C) Using a computer to bear false witness D) Using a computer to steal",A
273,Why is persistent connection important for HTTP/1.1? **Options:** A) To increase the reliability of web servers B) To reduce the need for frequent TCP connections for each object transfer C) To enhance the security of website transactions D) To improve compatibility with older web browsers,B
274,What is the traditional approach to risk analysis? **Options:** A) Using avoidance strategies to prevent potential risks. B) Observing the frequency and magnitude of events to make predictions. C) Predicting security incidents based on historical data. D) Focusing on preventative measures to reduce all possible risks.,B
275,What does the Java standard applet security policy restrict an applet from doing? **Options:** A) Loading native libraries B) All provided answers. C) Adding classes to system packages D) Listening on socket connections,B
276,"Which cloud service model allows for the deployment of cloud-based firewalls, load balancers, VLANs, and network services? **Options:** A) Platform as a Service (PaaS) B) Cloud Storage as a Service C) Software as a Service (SaaS) D) Infrastructure as a Service (IaaS)",D
277,Which wireless access point (WAP) security strategy involves creating a virtual fence around the organization's premises to control wireless network access based on the physical location of the user's device? **Options:** A) 802.1X authentication B) MAC filtering C) Rogue AP detection D) Geofencing,D
278,"In which maturity level are comprehensive policies, standards, and guidelines reviewed and updated annually, with compliance being monitored? **Options:** A) Level 2 B) Level 1 C) Level 3 D) Level 4",D
279,"An ethical hacker is hired to test the security of a business network. The CEH is given no prior knowledge of the network and has a specific framework in which to work, defining boundaries, nondisclosure agreements, and the completion date. Which of the following is a true statement? **Options:** A) A black hat is attempting a gray-box test B) A white hat is attempting a white-box test C) A white hat is attempting a black-box test D) A black hat is attempting a black-box test",C
280,What principle recommends that many security controls are preferable to a single point of protection? **Options:** A) Defense-in-depth B) Least privilege C) Single point of failure D) Security through obscurity,A
281,What is the main goal of electronic monitoring in the workplace? **Options:** A) To discourage communication among employees B) To ensure compliance with ethical guidelines C) To promote creativity and freedom of expression D) To monitor employees' activities and protect company interests,D
282,Which category of situational crime prevention proposes mitigations such as blocking suspicious payments or parcels to reduce rewards for criminals? **Options:** A) Remove excuses B) Reduce rewards C) Increase the risk of crime D) Increase the effort of crime,B
283,What is the primary purpose of using hashdump or mimikatz in the context of system hacking? **Options:** A) To capture network traffic for hash cracking B) To identify the user accounts present on the system C) To retrieve configuration details of the target system D) To obtain password hashes from the Windows operating system,D
284,What network appliance senses irregularities and plays an active role in stopping that irregular activity from continuing? **Options:** A) System administrator B) Firewall C) IPS D) IDP,C
285,"What is the primary purpose of a disaster recovery plan? **Options:** A) To provide consistent actions to be taken before, during, and after a disruptive event B) To minimize operational costs for the organization C) To conduct regular security audits of the organization's systems D) To recover from system software failure",A
286,What is the examination of critical versus noncritical functions called in a Business Impact Analysis? **Options:** A) Criticality Assessment B) Mission-Critical Analysis C) Operational Cost Analysis D) Functionality Prioritization,A
287,Which hardware vendor uses the term SPAN on switches? **Options:** A) 3COM B) Cisco C) Juniper D) HP,B
288,Which encryption technique uses the same key for both encryption and decryption? **Options:** A) Symmetric Encryption B) RSA Algorithm C) Hash Function D) Asymmetric Encryption,A
289,Which type of attack uses a list of passwords in a text file to compare their hashes for password cracking? **Options:** A) Passive online attack B) Brute-force attack C) Dictionary attack D) Hybrid attack,C
290,What type of attack aims to obtain passwords without directly engaging a target? **Options:** A) Nontechnical Attacks B) Password Guessing C) Active Online Attacks D) Passive Online Attacks,D
291,What is the fundamental entity in a relational database? **Options:** A) Relation B) Pointer C) Cost D) Domain,A
292,Which access control model is based on the concept of classification and clearance for subjects and objects? **Options:** A) Mandatory access control B) Rule-based access control C) Discretionary access control D) Role-based access control,A
293,While completing the business impact analysis the committee discovers that a human resources application relies on the following two servers: 1) a human resources server managed by the human resources Department and 2) a database server managed by the IT department. What is this an example of? **Options:** A) A backup strategy B) A preventative control C) A reciprocal agreement D) An interdependency,D
294,Which of the following is NOT a fundamental type of malicious code? **Options:** A) Viruses B) Spam C) Trojan Horses D) Worms,B
295,"While guards and dogs are both good for physical security, which of the following is a concern with dogs? **Options:** A) Liability B) Multifunction C) Discernment D) Dual role",A
296,What is the purpose of performing a Bluetooth scan? **Options:** A) Identifying available profiles B) Identifying open ports C) Identifying endpoints D) Identifying vendors,C
297,What type of information is the particular key chosen by the correspondents in a cryptographic system? **Options:** A) Decrypted Information B) Public Information C) Encrypted Information D) Private Information,D
298,Which Intel processor feature caused controversy due to privacy concerns and its potential use in hardware-based digital rights management? **Options:** A) Trusted Platform Module (TPM) B) Virtualization support C) Processor serial number D) Curtained memory features,C
299,Which of the following describes the use of personal privacy policies? **Options:** A) Automating the collection of user data for marketing purposes. B) Ensuring the privacy of e-service users or consumers. C) Developing privacy legislation for online services. D) Protecting the privacy of e-service providers.,B
300,What is the term used to describe the process of encoding information to make it secure from unauthorized access? **Options:** A) Encryption B) Encoding C) Decryption D) Hashing,A
301,What is the term used to describe the phenomenon where a change in one input bit results in many output bits of a block cipher changing? **Options:** A) Confusion B) Permutation C) Substitution D) Diffusion,D
302,Which type of malware exists in files on disk but never leaves any artifacts on the file system to evade detection? **Options:** A) Fileless Malware B) Polymorphic Malware C) Dropper D) Trojan,A
303,What is a data warehouse? **Options:** A) A table in a relational database system B) A remote facility used for storing backup tapes C) A repository of information from heterogeneous databases D) A hot backup building,C
304,Which component of cloud computing refers to running applications without the need to provision and manage underlying infrastructure? **Options:** A) Platform as a service (PaaS) B) Serverless C) Infrastructure as code (IaC) D) Elastic Compute Cloud (EC2),B
305,Why are service-denial attacks less effective when principals are anonymous or when there is no name service to identify them? **Options:** A) They require specialized packet-washing hardware. B) They can be traced and arrested by law enforcement. C) They make selective attacks ineffective. D) They prevent the server from establishing connections.,C
306,What is the main purpose of a VPN in cybersecurity? **Options:** A) To secure and encrypt internet connections B) To bypass firewalls C) To block spam emails D) To display web pages,A
307,What is the autocorrelation function of a Bernoulli process in the context of the output of a linear feedback shift register (LFSR) with a characteristic polynomial p(z)? **Options:** A) The autocorrelation function is always 1 B) It is the difference between the probabilities of an agreement and disagreement in the ith and (i + t)th outcomes of the LFSR output C) It is not possible to define the autocorrelation function for LFSR outputs D) The autocorrelation function is zero for all time intervals,B
308,How does UNIX typically verify the integrity of the filesystem after a system crash? **Options:** A) Using internal consistency checks B) Cross-referencing user files C) Running checksum calculations D) Verifying user passwords,A
309,What is a characteristic of malware that changes each instance to avoid detection? **Options:** A) Virus B) Polymorphic malware C) Packed malware D) Botnet,B
310,Management wants to ensure that an IT network supports accountability. Which of the following is necessary to meet this requirement? **Options:** A) Authentication B) Integrity C) Confidentiality D) Identification,A
311,What is the purpose of HIPAA? **Options:** A) To facilitate electronic payments in healthcare B) To secure health information and ensure privacy C) To regulate pharmaceutical industry D) To promote free health insurance,B
312,"What is the purpose of two-channel authentication in cybersecurity? **Options:** A) To incorporate a shared password and key exchange protocol to prevent phishing attacks B) To send an access code to the user via a separate channel, such as their mobile phone, for additional security C) To switch between multiple authentication methods for better user experience D) To restrict the number of password guesses for enhanced security",B
313,Which of the following is a key aspect of 'incident response' in cybersecurity? **Options:** A) Reacting to and mitigating the impact of security breaches or incidents B) Identifying potential vulnerabilities in systems C) Proactively managing security policies and controls D) Securing network communication channels,A
314,"An attacker performs a whois search against a target organization and discovers the technical point of contact (POC) and site ownership e-mail addresses. He then crafts an e-mail to the owner from the technical POC, with instructions to click a link to see web statistics for the site. Instead, the link goes to a fake site where credentials are stolen. Which attack has taken place? **Options:** A) Man in the middle B) Phishing C) Spear phishing D) Human based",C
315,"What is the primary function of the National Software Reference Library (NSRL) in digital forensics? **Options:** A) Maintaining a repository of known software, file profiles, and file signatures for computer forensic investigations B) Developing cryptographic algorithms for secure communications C) Providing tools to automatically repair damaged files in forensic investigations D) Creating a database of unidentified malware for cybersecurity research",A
316,What is the primary purpose of a spamming attack in cybersecurity? **Options:** A) To gain unauthorized access to system resources and data B) To detect known security vulnerabilities and weaknesses C) To flood a victim's e-mail inbox or other messaging system with unwanted messages D) To interrupt the activity of other users on the same subnet or ISP,C
317,Which security measure ensures communication through appropriate measures against jamming? **Options:** A) Use suitable frequency band management B) Detection of communication problems C) Use of intrusion detection systems D) Radiation monitoring in threatous areas,A
318,Which encryption machine was popularly used in World War II by the Nazis? **Options:** A) Transposition cipher B) Running Key cipher C) Enigma machine D) Poly-alphabetic cipher,C
319,Which cryptographic algorithm was designed by NIST and NSA and is used in the digital signature standard officially known as the Secure Hash Standard (SHS)? **Options:** A) SHA-1 B) SHA-256 C) MD2 D) MD5,A
320,Which of the following is used to control access between two networks or network segments? **Options:** A) Firewall B) E-mail filter C) Intrusion detection system (IDS) D) Antivirus software,A
321,What is the primary function of a Certificate Authority (CA) in a PKI system? **Options:** A) To prevent unauthorized access to a network B) To verify the integrity of data transmissions C) To issue and manage digital certificates D) To authenticate users during login,C
322,A password that is the same for each logon is called a: **Options:** A) Static password B) Dynamic password C) One-time pad D) Passphrase,A
323,What is one propagation technique used by viruses to penetrate systems and spread their malicious payloads? **Options:** A) File infection B) DDoS attacks C) Firewall evasion D) Port scanning,A
324,What is the standard protocol used to communicate between IKE and IPsec in BSD-based systems? **Options:** A) PF_KEYv2 B) NETLINK C) API_KEYv2 D) XFRM,A
325,What is the main type of key algorithm that uses a single key for both encryption and decryption? **Options:** A) Public key algorithm B) Asymmetric key algorithm C) Symmetric key algorithm D) Private key algorithm,C
326,What does bluesnarfing refer to in cybersecurity? **Options:** A) Successfully accessing a Bluetooth-enabled device and remotely using its features. B) A tool used for blackjacking attacks. C) The actual theft of data from a mobile device due to an open connection. D) Collecting device information over Bluetooth.,C
327,Which type of intrusion detection system (IDS) involves monitoring activity on the network medium? **Options:** A) Network-based IDS B) Knowledge-based IDS C) Behavior-based IDS D) Host-based IDS,A
328,Which security compliance term refers to a comprehensive evaluation of the technical and non-technical security features of an information system? **Options:** A) Compliance B) Accreditation C) Certification D) Compliance Audit,C
329,What did VISA introduce to reduce fraud losses in the 1990s? **Options:** A) Payment Card Industry Data Security Standard (PCI DSS) B) Intrusion detection systems C) Biometric authentication for online credit card transactions D) Card verification values (CVVs),D
330,What type of packet marking involves marking the packet at the interface closest to the source of the packet on the edge ingress router? **Options:** A) ICMP traceback B) Deterministic Packet Marking (DPM) C) Probabilistic Packet Marking (PPM) D) Algebraic Packet Marking (APM),B
331,"Which principle indicates that, as a rule and all other things being equal, controls should be as close to the resource as possible? **Options:** A) Prefer broad security solutions B) Design top down, implement bottom up C) Prefer simplicity; hide complexity D) Place controls close to the resource",D
332,What should management consider when evaluating whether safeguards are necessary for protecting the organization against exploitation of vulnerabilities? **Options:** A) The cost of implementing the safeguards versus the estimated loss resulting from exploitation of the vulnerability. B) Employee satisfaction with existing security measures. C) The potential publicity the incident may generate. D) Whether the incident should be reported to law enforcement.,A
333,"What are the properties that a digital signature must have? **Options:** A) All provided answers. B) It must be verifiable by third parties, to resolve disputes. C) It must verify the author and the date and time of the signature. D) It must authenticate the contents at the time of the signature.",A
334,Which biometric technology has been used with the U.S. government STU-III encrypting telephone and achieved an equal error rate of about 1%? **Options:** A) Fingerprints B) Iris Codes C) Facial recognition D) Voice Recognition,D
335,Which of the following attacks aims to use up the memory on the switch and can result in broadcasting data on all ports like a hub? **Options:** A) DNS cache poisoning B) ARP spoofing C) MAC flooding D) MAC spoofing,C
336,Which runlevel is the single-user mode in Linux? **Options:** A) Runlevel 0 B) Runlevel 1 C) Runlevel 2 D) Runlevel 3,B
337,What is one of the primary challenges in constructing ciphers? **Options:** A) Balancing the trade-off between diffusion and confusion properties B) Focusing only on the speed of encryption C) Increasing the number of rounds to improve security D) Simplifying the round structure to reduce complexity,A
338,What does eavesdropping attack consist of? **Options:** A) Unauthorized interception of network traffic B) Denial of service attack C) Creating a covert signaling channel D) Tampering with a transmission,A
339,The Wireless Transport Layer Security Protocol (WTLS) in the Wireless Application Protocol (WAP) stack provides for security: **Options:** A) Between the WAP gateway and the content server B) Between the Internet and the content server C) Between the WAP client and the gateway D) Between the WAP content server and the WAP client,C
340,Which type of policy consists of a set of nonbinding recommendations regarding how management would like its employees to behave? **Options:** A) Regulatory Policy B) Behind-the-scenes Policy C) Informative Policy D) Advisory Policy,D
341,What is a system employed to control and maintain object integrity? **Options:** A) Clean power B) Clustering C) Code D) Clark-Wilson model,D
342,Which security principle focuses on limiting access to only authorized individuals? **Options:** A) Data encryption B) Firewall protection C) Multi-factor authentication D) Least privilege,D
343,What is the purpose of access control systems in a security system? **Options:** A) To restrict access for all personnel. B) To monitor and control access to facilities. C) To provide unrestricted entry and exit. D) To eliminate the need for physical barriers.,B
344,"Which layer of the OSI model provides encryption, decryption, and data formatting? **Options:** A) Presentation layer B) Session layer C) Physical layer D) Network layer",A
345,Java security employs a(n) ___ so an applet is restricted and fairly safe. **Options:** A) ActiveX B) Deadlock situation C) Artificial neural network D) Sandbox,D
346,Which phase of the Penetration Testing Execution Standard (PTES) involves obtaining authorization and defining the scope of the test? **Options:** A) Intelligence gathering B) Reporting C) Vulnerability analysis D) Pre-engagement interactions,D
347,What is the term for Security as a Service (SECaaS)? **Options:** A) The implementation of intrusion detection systems and prevention systems in a cloud environment B) A modern protocol solution designed to secure communications in the cloud through encryption C) A suite of security offerings provided by the cloud service provider to offload security responsibility from the client D) A comprehensive set of standards and recommendations for cloud computing security,C
348,Of which control is WPA TKIP an example? **Options:** A) Detective controls B) Administrative controls C) Technical controls D) Physical controls,C
349,What is one of the principal threats involving wireless access points? **Options:** A) Unintentional association B) Change in WLAN configurations C) Malicious association D) Dispatching extra messages,C
350,"Which perspective focuses on establishing security requirements, realisation approaches, and composition of subsystems/solutions at different layers in a distributed system? **Options:** A) Distribution perspective B) Construction perspective C) Realisation perspective D) Layered perspective",B
351,Which access control model allows an authorizing entity to specify the objects that can be accessed within certain limitations? **Options:** A) Discretionary access control B) Non-discretionary access control C) Mandatory access control D) Role-based access control,A
352,Why is it important to tailor information security awareness sessions to the vocabulary and skill set of the audience? **Options:** A) To stress the positive and business side of security B) To establish the key elements of an effective information security program C) To better present the message to the audience D) To tap into the method most used by the audience to receive information,C
353,What is the aim of conducting a cybersecurity risk assessment? **Options:** A) To determine the financial impact of a cybersecurity incident. B) To identify and prioritize potential security risks to an organization's assets. C) To initiate legal action against cybercriminals. D) To test the speed of the internet connection of a network.,B
354,What is the error rate of voice recognition systems typically used for forensics to match a recorded telephone conversation to speech samples of suspects? **Options:** A) Zero B) 10% C) 1% D) 5%,C
355,What is the distinguishing characteristic of symmetric-key cryptography? **Options:** A) It tends to be CPU intensive B) It uses the same key for encryption and decryption C) It provides integrity protection to data D) It uses different but related keys for encryption and decryption,B
356,What is the practice of minimizing the number of access points into a network to reduce potential security breaches called? **Options:** A) Protocol hardening. B) Firewall optimization. C) Network segregation. D) Security obfuscation.,C
357,Which topology requires the IDS sensor to physically sit in the path of the network traffic? **Options:** A) Passive B) Inline C) De-centralized D) Out-of-line,B
358,How can unexpected negative outcomes in personal privacy policies be prevented? **Options:** A) By ensuring the policies lead to mutual benefit for both providers and consumers. B) By specifying well-formed policies to avoid unexpected negative outcomes. C) By requiring the consumers to have full control over the policies without any restrictions. D) By allowing the policies to be adjusted dynamically based on the situation.,B
359,"What does the rule 'alert tcp any any -> any 27374 (msg:""SubSeven Connection Attempt"";' detect? **Options:** A) Port scanning B) Stealth activity C) SubSeven connection attempt D) Directory traversal attack",C
360,What is a common method used by hackers to guess user passwords? **Options:** A) Social engineering B) Buffer overflow C) Dictionary attacks D) Polymorphism,C
361,What is the primary advantage of passfaces authentication in cybersecurity? **Options:** A) It prevents automated attacks by recognizing image points B) It provides an effective defense against shoulder surfing attacks C) It leverages the natural capability of humans to recognize faces D) It strengthens security by confirming user identity through facial recognition,C
362,What does the 'syslog' facility in UNIX allow? **Options:** A) Logging only emergency situations B) Recording all system reboots C) Sequential logging of user commands D) Highly configurable logging of messages from different programs,D
363,What type of attack is the greatest risk involved in a scenario where a single web server is connected to three other distribution servers? **Options:** A) Fraggle attack B) Denial-of-service attack C) Man-in-the-middle attack D) Single point of failure,D
364,What knowledge and experience has been relatively scarce in security engineering? **Options:** A) Expertise in developing new technology for electronic record and transaction security. B) Understanding of mathematical and chemical expertise for designing ciphers and banknote inks. C) Expertise in effectively applying well-understood security technologies such as cryptography or software reliability D) None of the above,C
365,What is the goal of a Virtual Private Network (VPN)? **Options:** A) Ensuring physical security of data centers B) Securing communication over a public network C) Implementing secure web browsing D) Improving network performance,B
366,What port range is an obscure third-party application most likely to use? **Options:** A) 49152 to 65535 B) 32768 to 49151 C) 1025 to 32767 D) 1 to 1024,A
367,What is the purpose of establishing an IRM methodology and tools in Information Risk Management? **Options:** A) To determine the current status of information security in the target environment and ensure associated risk is managed B) To develop high-level IRM policy statements and objectives C) To identify and measure risk associated with various strategic alternatives D) To assure that risk is managed effectively before funds are expended on a specific change in the IT environment,A
368,Which cybersecurity practice involves analyzing events against time to determine the sequence of events? **Options:** A) Steganography B) Forensic analysis C) Cryptanalysis D) Data acquisition,B
369,Which source can be used to establish replacement costs for data in the risk assessment process? **Options:** A) Intangible Assets B) Tangible Assets  C) Both A and B  D) None of the above,A
370,What is the purpose of the 'Name Constraints' extension in the X.509 certificate format? **Options:** A) Specifies constraints that may require explicit certificate policy identification or inhibit policy mapping for the remainder of the certification path B) If the subject may act as a Certification Authority (CA) and the maximum path length of a certification path C) Indicate the algorithm used to sign the certificate D) Indicates a name space within which all subject names in subsequent certificates must be located,D
371,What is software reverse engineering (SRE) also known as? **Options:** A) Code analysis B) Reverse code engineering C) Code reversal D) Software decoding,B
372,What is the key principle of administrative security? **Options:** A) Ensuring accountability for system activities B) Managing constraints and operational procedures C) Preventing unauthorized access D) Protecting sensitive data,B
373,"In the context of elliptic curves over Zp, what is the condition that needs to be met to define a finite abelian group based on the set E p(a, b)? **Options:** A) a3 + 27b2 ≠ 0 B) 4a3 + 27b2 ≠ 0 mod p C) 4a3 + 27b2 = 0 D) a3 + 27b2 ≡ 0 (mod p)",B
374,What is a potential drawback of using a single stage of an LFSR as the keystream in a stream cipher? **Options:** A) High computational complexity B) Statistically unbiased keystream C) Linearity of the sequence of stages D) Nonlinear relationship to the cryptovariable,C
375,What is the approximate number of security defects per thousand lines of code in software products? **Options:** A) 1500 B) 10-15 C) 100-150 D) 1000,B
376,Which worm started to make its mark in late September 2000 following an e-mail message distributed from various forged addresses? **Options:** A) Melissa B) Jerusalem C) Morris Worm D) Hybris,D
377,What is a critical consideration when designing the monitoring process in cybersecurity? **Options:** A) Enabling flexible access control for sensitive information. B) Outsourcing the monitoring role to third-party products. C) Recording log entries for each triggered event. D) Identifying how to be notified in the event an alarm is triggered.,D
378,What is the recommended practice for handling suspicious emails or attachments? **Options:** A) Ignoring suspicious emails B) Deleting suspicious emails and attachments C) Forwarding suspicious emails to colleagues D) Opening attachments without verifying the source,B
379,What is a common entry vector to execute phishing attacks? **Options:** A) HTTPS secured websites B) File format exploitation C) WPA2 authentication D) WEP‐encrypted wireless networks,B
380,"What is the main objective of CastleCops in securing a safe and smart computing experience for everyone online? **Options:** A) To work with industry experts and law enforcement to reach a safe and smart computing experience B) To provide training for volunteer staff in anti-malware, phishing, and rootkit academies C) To update the PIRT database with suspected phishing emails D) To provide essential information for interpreting the log files of Hijack This",A
381,Which type of computer crime involves the intercepting of RF signals generated by computers or terminals? **Options:** A) Network intrusions. B) Emanation eavesdropping. C) Theft of passwords. D) Denial of Service attacks.,B
382,Sometimes basic fencing does not provide the level of protection a company requires. Which of the following combines the functions of intrusion detection systems and fencing? **Options:** A) PIDAS B) PERIMETER C) Closed-circuit TV D) Acoustical seismic detection system,A
383,What is the characteristic of a network technology that uses a single carrier frequency and requires all stations attached to the network to participate in every transmission? **Options:** A) GSM technology B) Multiband C) Baseband D) None of the above,C
384,What is the main purpose of W⊕X memory policy in operating systems? **Options:** A) Restricting the userspace from accessing kernel memory B) Preventing unauthorized access to kernel memory C) Preventing execution of instructions in the data area D) Randomizing memory locations,C
385,"How can remote attestation for detecting malware in embedded systems be categorized? **Options:** A) Software-based attestation, firmware-based attestation, and hybrid attestation. B) Network-based attestation, software-based attestation, and hardware-based attestation. C) Software-based attestation, hardware-assisted attestation, and hybrid attestation. D) Program-based attestation, hardware-based attestation, and hybrid attestation.",C
386,What wireless attack would you use to take a known piece of information in order to be able to decrypt wireless traffic? **Options:** A) Evil twin B) Key reinstallation C) Sniffing D) Deauthentication,B
387,Which form of DBMS primarily supports the establishment of one-to-many relationships? **Options:** A) Relational B) Mandatory C) Distributed D) Hierarchical,A
388,Which authentication protocol uses a challenge-response mechanism with one-way encryption and is used for dial-up connections? **Options:** A) CHAP B) MS-CHAPv2 C) EAP D) RADIUS,A
389,"If you were checking on the IP addresses for a company in France, what RIR would you be checking with for details? **Options:** A) ARIN B) RIPE C) AfriNIC D) LACNIC",B
390,"In terms of cryptography, what is the work function defined by Claude Shannon? **Options:** A) The strength of the encryption algorithm B) A quantitative measure of the strength of encipherment C) The minimum work required to maintain confidentiality D) The amount of computational effort needed to produce keys",B
391,What is the primary security concern with wireless e-mail communication? **Options:** A) Interception of emails over the wireless link B) Unauthorized access to the wireless network C) Physical theft of wireless devices D) Interference with wireless signals,A
392,"What is the key to maintaining an appropriate level of functionality while properly securing the system? **Options:** A) Properly securing the system to maintain confidentiality, integrity, and availability B) Installing the latest service pack C) Reducing the number of user accounts D) Conducting regular security assessments",A
393,What is necessary in order to install a hardware keylogger on a target system? **Options:** A) Physical access to the system B) Telnet access to the system C) The administrator username and password D) The IP address of the system,A
394,What is used to monitor system access and use as per ISO 17799? **Options:** A) Security of system files B) Event logging C) Password management system D) Automatic terminal identification,B
395,What is the type of attack aimed at the detection and alerting of cyberattacks? **Options:** A) Trace B) Replication C) Sensor D) Meterpreter,C
396,Which transformation is applied to the message right block R in the LUCIFER block cipher? **Options:** A) Left-shift transformation B) Nonlinear substitution S-box C) P-box transformation D) L1 addition with carry,B
397,What type of standard is X.509? **Options:** A) Electronic data exchange standards B) Financial standards C) Specifications for information processing systems D) Interconnection standards,C
398,"What does a plaintext represent in the context of cryptography? **Options:** A) The encrypted form of a message B) Data stored in a file system C) A message intercepted during communication D) The original, unencrypted message",D
399,"What is a potential advantage of keypad access control systems? **Options:** A) Includes features like hostage and error alarms, enhancing security and resistance to tampering. B) They provide remote control C) They are difficult to duplicate D) None of the above",A
400,Which function can a protocol analyzer perform to identify the source of a broadcast storm on a LAN? **Options:** A) Analyzing header manipulation B) Identifying network traffic vulnerabilities C) Determining the network adapter causing the storm D) Capturing packets in non-promiscuous mode,C
401,What is the primary purpose of security engineering? **Options:** A) To protect property and privacy using traditional methods such as locks and fences. B) To create measures that control potential threats to a system and protect it from intelligent and malicious adversaries. C) To design systems that prevent malfunctions caused by random errors and mistakes. D) To develop mechanisms that secure electronic records and transactions from unauthorized access.,B
402,Which biometric property refers to the characteristic existing in all individuals in the population being measured? **Options:** A) Permanence B) Unalterable C) Uniqueness D) Universality,D
403,What is a common first line of defense in cybersecurity to prevent unauthorized access to a system? **Options:** A) Firewall B) Public Wi-Fi C) Open access policy D) Intrusion detection system,A
404,"What is the best approach for handling a computer damaged in an automobile accident? **Options:** A) Cut power from the drives to prevent further damage and involve a computer forensic expert. B) Conduct a thorough evaluation of the damaged drives without powering them up. C) Assess the external damage, power up the drive, and initiate data capture. D) Immediately dismantle and assess the drives to determine the extent of damage.",A
405,"Which of the following elements are key components of computer forensics investigations? **Options:** A) Recovering the evidence, backing up the data, and ensuring data accuracy. B) Preserving the integrity of the data, establishing the relevance of the extracted evidence, and authenticating the validity of the data. C) Acquiring the evidence, analyzing the data, and interpreting the observations. D) Documenting the evidence, verifying the authenticity, and outlining the observations.",B
406,What type of device operates in such a way that an administrator is alerted to unusual network activity? **Options:** A) IDS B) Stateful packet filtering C) Firewall D) IPS,A
407,Which of the following is associated with microservices? **Options:** A) Independent deployment of small self-contained functions B) Exclusive reliance on monolithic security solutions C) Utilization of pure serverless computing architecture D) High dependency on centralized computing resources,A
408,What is the primary purpose of better filters and improved shielding in sensors? **Options:** A) To increase the speed of sensor data transmission. B) To prevent transduction attacks caused by external signals. C) To enhance the sensor's visual display quality. D) To reduce sensor data storage space.,B
409,What kind of honeypot is focused on gaining intelligence information about attackers and their technologies and methods? **Options:** A) Medium-interaction honeypot B) Deception honeypot C) High-interaction honeypot D) Low-interaction honeypot,C
410,What term refers to the occurrence of a security mechanism being bypassed or thwarted by a threat agent? **Options:** A) Breach B) Esposure C) Sabotage D) Event,A
411,What does ATM stand for in the context of data communications? **Options:** A) Analog Transfer Mode B) Automated Technical Management C) Asynchronous Transfer Mode D) Automatic Transmission Mechanism,C
412,"What are the key size options supported in the AES algorithm? **Options:** A) 64, 192, and 256 bits B) 64, 128, and 256 bits C) 128, 192, and 256 bits D) 56, 128, and 192 bits",C
413,Which operating system design choice involves applications running together with a minimal 'library operating system' that contains a bare minimum of code? **Options:** A) Single domain B) Multi-server OS C) Unikernel / Library OS D) Monolithic OS,C
414,What is the main value of the Chinese Wall model in access control? **Options:** A) It allows centralized control of access and permissions. B) It introduces mandatory access control for all users. C) It provides separation of duty in access control. D) It enables free choice in access control decisions.,C
415,What are the two critical properties enforced by the Bell-LaPadula model? **Options:** A) No read up (NRU) and no write down (NWD) B) No read up (NRU) and no read down (NRD) C) No write up (NWU) and no read down (NRD) D) No write up (NWU) and no write down (NWD),A
416,Which encryption algorithm is commonly referred to as Rijndael? **Options:** A) RSA B) AES C) MD5 D) 3DES,B
417,Which type of botnet represents a major shift towards a more stealthy control method and provides anonymity to the botmaster by appearing as just another node in the network? **Options:** A) Centralized botnets using HTTP B) Peer-to-peer (P2P) botnets C) Trojan horse botnets D) Centralized botnets using IRC,B
418,What is the main function of a DHCP server? **Options:** A) Managing encryption keys for secure communication B) Assigning unique IP addresses to devices on a network C) Transferring files between different devices D) Controlling the flow of data packets,B
419,Which IEEE 802.11 standard offers a transmission speed of 54 Mbps and uses the 5 GHz frequency band? **Options:** A) 802.11e B) 802.11g C) 802.11a D) 802.11b,C
420,Which security measure protects against loss/theft of equipment and/or media? **Options:** A) Creating a radiation-protected environment B) Integration of security area/restricted zone C) Theft protection of mobile devices D) Ensuring integrity check of the software supply chain,C
421,The cost of mitigating a risk should not exceed the: **Options:** A) Cost to the perpetrator to exploit the weakness B) Value of the physical asset C) Expected benefit to be derived D) Annual loss expectancy,C
422,What is the basic objective of penetration testing? **Options:** A) To crash the system using DoS attacks B) To measure the effectiveness of the security of the organization's Internet presence C) To conduct risk assessments for security policies D) To hack into the system and plant backdoors,B
423,What is the key focus of the U.S. government in developing security management and resilience in the event of a disaster or terrorist attack? **Options:** A) To provide continuous real-time security management information. B) To maintain order and support local and state forces during a disaster. C) To develop software for security risk management and compliance monitoring. D) To guarantee prevention of subsequent attacks.,B
424,What marks the major difference between a hacker and an ethical hacker (pen test team member)? **Options:** A) Ethical hackers never exploit vulnerabilities; they only point out their existence. B) Nothing. C) The predefined scope and agreement made with the system owner. D) The tools they use.,C
425,Which mode of operation involves wireless stations communicating directly with each other without using an access point or any connection to a wired network? **Options:** A) IBSS B) ESS C) BSS D) WAP,A
426,What best describes the ideal approach to securing an infrastructure? **Options:** A) Identify the vulnerabilities and threats that the infrastructure faces B) Organize the risks in a hierarchy that reflects the business needs of the organization C) Both A and B are essential steps for effectively securing an infrastructure D) None of the above,C
427,"What is physical security? **Options:** A) The prevention of natural disasters caused by environmental factors. B) The protection of data from hacker attacks. C) The enforcement of technical security controls to prevent data breaches. D) The act of securing a building or location to prevent unauthorized access, theft, or damage to physical assets.",D
428,Information Warfare is A. Attacking information infrastructure of a nation to gain military and/or economic advantages. **Options:** A) Signal intelligence B) Developing weapons based on artificial intelligence technology C) Attacking information infrastructure of a nation to gain military and/or economic advantages D) Generating and disseminating propaganda material,C
429,What is the benefit of encryption on mobile devices? **Options:** A) Prevention of malware B) Protection of data on lost or stolen devices C) Protection of data being sent to websites D) Protection against stolen devices,B
430,"What is the general advice for determining legitimacy while encountering an unknown, unsolicited e-mail? **Options:** A) Check the address in the 'To' line B) Verify the phone number provided in the e-mail C) Be aware of who sent the e-mail D) All of the above",D
431,What is a common technique used to capture card details for a service denial attack on payment systems? **Options:** A) Cyber-espionage B) Capturing card details from a genuine terminal or cable bug C) Phishing D) Brute force attack,B
432,Which of the following is a suitable method for encrypting a message using RSA? **Options:** A) RSA-KEM-DEM B) RSA-OAEP C) RSA-PASS D) RSA-KEM,B
433,Which encryption mode provides confidentiality and authenticity by combining encryption and authentication? **Options:** A) Electronic CodeBook mode B) XOR mode C) Counter mode D) GCM (Galois/Counter Mode)e,D
434,The P1363 Standard Specifications are related to which area of computer network security? **Options:** A) Electronic Data Exchange B) Interconnection C) Financial standards D) Public-Key Cryptography,D
435,What is the primary purpose of steganography? **Options:** A) To perform secure key exchange. B) To increase the complexity of the encryption process. C) To hide the existence of a message. D) To provide authentication in communication.,C
436,What is the characteristic of a weak key in DES? **Options:** A) It results in an invertible transformation B) It has a long key length C) It results in internal keys with special regularity D) It is designed to use the key bits in a uniform manner,C
437,"What testing method performs run-time verification of compiled or packaged software, checking functionality that is only apparent when all components are integrated and running? **Options:** A) Perform Threat Modelling B) Perform Penetration Testing C) Perform Dynamic Analysis Security Testing (DAST) D) Perform Static Analysis Security Testing (SAST)",C
438,What type of attack aims to take an application out of service so legitimate users can't use it? **Options:** A) Command Injection B) Denial-of-Service C) SQL Injection D) Directory or File Traversal,B
439,Which technology can be used to detect and prevent phishing attacks? **Options:** A) Strong password policies B) Web-based email clients C) Intrusion detection systems D) Inbound spam filters,D
440,What is the main purpose of steganography in cybersecurity? **Options:** A) Preventing unauthorized access to a network B) Encrypting sensitive data during transmission C) Hiding the existence of secret information D) Detecting and eliminating malware,C
441,Which of the following is a detective control when not used in real time? **Options:** A) Fences B) CCTV C) Locks D) Alarms,D
442,What is the ultimate goal of good security engineering? **Options:** A) To develop mechanisms that secure electronic records and transactions from unauthorized access. B) To create measures that control potential threats to a system and protect it from intelligent and malicious adversaries. C) To design systems that prevent malfunctions caused by random errors and mistakes. D) To protect property and privacy using traditional methods such as locks and fences.,B
443,"What distributed platform should be used to enforce a consistent network security policy at all entry points to the internal network, including the remote VPN user connection? **Options:** A) Server-based firewalls B) Distributed firewalls C) Distributed desktop intrusion detection systems D) Personal firewalls",B
444,Where is the trust placed when using raw public key digital signatures for authentication? **Options:** A) In the administrator B) In the CA C) In the public key itself D) In the private key,C
445,"Which type of attack floods a network, rendering it inaccessible to its intended users? **Options:** A) Phishing attack B) Brute force attack C) Denial of service (DoS) attack D) Cross-site scripting",C
446,"What is the main reason why governments find it harder to censor information on the Internet compared to the past? **Options:** A) The technology now allows rapid dissemination of information, making it difficult for governments to control and suppress news events. B) The Internet is used by a small fraction of the population in authoritarian states, limiting the reach of uncensored information. C) The public opinion is now in thrall to media managers who control the flow of information online. D) The Internet provides multiple layers of defenses through perimeter defenses, application-level defenses, and social defenses.",A
447,Using pre-numbered forms to initiate a transaction is an example of what type of control? **Options:** A) Application control B) Detective control C) Deterrent control D) Preventative control,D
448,What type of key is used when the same key is used for the encryption and decryption of the data? **Options:** A) Diffie–Hellman key B) Asymmetrical key C) Symmetrical key D) RSA key,C
449,Which hashing algorithm generates a 160 bit hashing value? **Options:** A) HAVAL B) MD5 C) SHA D) Tiger,C
450,How does the challenge of dealing with centralized health databases relate to privacy protection in medical records? **Options:** A) It involves balancing the rights of individuals with centralized data management B) It necessitates setting up additional authorization processes for data access C) It requires implementing more advanced access controls for medical records D) It pertains to determining the level of centralized encryption for data protection,A
451,What is the main function of a public key in cryptography? **Options:** A) Deriving symmetric keys B) Encrypting messages C) Decrypting encrypted data D) Signing digital messages,B
452,Which protocol is used for accessing electronic mail or bulletin board data? **Options:** A) IMAP B) POP C) SMTP D) HTTP,A
453,What is the primary purpose of a hash in digital signatures and file authentication? **Options:** A) Encrypting and decrypting data B) Exchanging secret keys securely C) Protecting the integrity of data D) Implementing public key cryptography,C
454,What are the two types of wireless networks? **Options:** A) Star and ring B) Bus and hybrid C) Infrastructure and hybrid D) Infrastructure and ad hoc,D
455,"Which malware type requires the user to execute its code, but then can spread to other files or systems on its own? **Options:** A) Rootkit B) Virus C) Worm D) Trojan",B
456,Which of the following is NOT part of the CIA triad? **Options:** A) Integrity B) Utility C) Confidentiality D) Availability,B
457,Which type of attack exploits user interface weaknesses of both web and mobile clients to steal sensitive information including login credentials and credit card numbers from victims? **Options:** A) Phishing & Clickjacking B) SQL Injection C) XML External Entity (XXE) D) Cross-Site Scripting (XSS),A
458,What is the most effective solution to prevent excessive privilege and creeping privileges? **Options:** A) Increasing the number of end-user privileges B) Automating the user account maintenance process C) Regular user training D) Developing a principle of least privilege,D
459,What is a key encrypting key used for in key management? **Options:** A) Encrypting other keys B) Generating keys C) Encrypting data D) Controlling keys,A
460,What is the primary benefit of using a content-dependent access control mechanism in a database? **Options:** A) To prevent updates to the existing data B) To limit access to specific fields or cells based on their content C) To simplify database management procedures D) To restrict access based on the user's context,B
461,The secure path between a user and the Trusted Computing Base (TCB) is called: **Options:** A) Trusted distribution B) Trusted facility management C) The security perimeter D) Trusted path,D
462,How does the kernel or nucleus of the operating system relate to security? **Options:** A) It physically protects the hardware components of the server hosts B) It is a critical part of the operating system that makes the entire system run C) It provides visual user interfaces for end users to access the system D) It controls the transmission of data over the network,B
463,"Which technology can help organizations automatically cross-check data from a threat feed with logs tracking incoming and outgoing traffic? **Options:** A) Firewalls B) Intrusion Detection and Prevention Systems (IDPSs) C) Antimalware software D) Security Orchestration, Automation, and Response (SOAR) technologies",D
464,"What is the primary difference between computer forensics and network forensics? **Options:** A) Computer forensics analyzes data from the computer's disks, while network forensics retrieves data on network ports B) Computer forensics investigates incidents after they occur, while network forensics prevents incidents from happening C) Computer forensics hides evidence, while network forensics reveals it D) Computer forensics traces evidence from the source to the courtroom, while network forensics traces evidence within the network",A
465,"In public-key cryptography, what are the two distinct uses of public-key cryptosystems? **Options:** A) Key distribution and certificate management B) Symmetric encryption and decryption C) Data compression and decompression D) Encryption and decryption",A
466,What is the objective of configuring an 'access control system' to enforce permissions based on job classification and function? **Options:** A) To restrict all user access to system components. B) To provide unrestricted permissions for all users. C) To allow broad access to all system components. D) To enforce permissions assigned to individuals and systems.,D
467,Which approach prevents Cross-Site Scripting (XSS) attacks by randomizing HTML tags and attributes to distinguish between untrusted and trusted content? **Options:** A) Input Validation B) Database Encryption C) Randomization of HTML Elements D) Content Security Policy (CSP),C
468,"Which of the following is responsible for performing and testing backups, validating data integrity, deploying security solutions, and managing data storage based on classification? **Options:** A) Data Owner B) Senior Manager C) Security Professional D) Data Custodian",D
469,What is the main purpose of incident handling in an organization's network security plan? **Options:** A) To prevent all security incidents from occurring B) To minimize the loss from security incidents and recover from them C) To ensure no system interruptions occur D) To identify and hire new employees,B
470,"What is the primary objective of incident management within ITIL? **Options:** A) To control production configurations such as standardization, status monitoring, and asset identification B) To minimize disruption to the business by restoring service operations to agreed levels as quickly as possible C) To resolve the root cause of incidents to minimize the adverse impact of incidents and problems on the business D) To standardize and authorize the controlled implementation of IT changes",B
471,What is the primary purpose of a virtual private network (VPN)? **Options:** A) To conceal network topography from the Internet B) To provide sequentially reserved connections C) To establish secure communication tunnels over untrusted networks D) To hide the identity of internal clients,C
472,"Where does an ISMS live within an organization? **Options:** A) Only in data centers where sensitive information is stored B) In multiple places and instances based upon functional areas or information security domains C) Only in the board room, managed by executive staff D) Exclusively in service-oriented departments within the organization",B
473,What is a list of serial numbers of digital certificates that have not expired but should be considered invalid? **Options:** A) CRL B) KDC C) CA D) UDP,A
474,What is the primary purpose of the evidence retention phase in operational forensics? **Options:** A) To provide assistance in identifying unauthorized intrusions. B) To develop cost-effective investigative methods. C) To maintain maximum system availability. D) To preserve information that may be needed as evidence.,D
475,What is the best reason to implement a security policy? **Options:** A) It decreases security. B) It increases security. C) It removes the employee’s responsibility to make judgments. D) It makes security harder to enforce.,C
476,What is the concept of 'least privilege' in the context of cybersecurity? **Options:** A) Granting users unlimited access to all system resources B) Granting users the same level of access to all system resources C) Granting users the highest level of access to all system resources D) Granting users only the access rights that are necessary to perform their work,D
477,Which protocol is used for transferring files between systems and uses port 21 for communication by default? **Options:** A) SMTP B) SNMP C) HTTP D) FTP,D
478,How does the principle of data minimization apply to managing payment information in healthcare systems? **Options:** A) By minimizing the need for access controls to payment data B) By minimizing the amount of payment data retained after processing C) By minimizing the risk of statistical analysis of payment data D) By minimizing unauthorized access to payment data,B
479,Which of the following best describes TCSEC? **Options:** A) A criteria to validate the security and assurance provided in products B) A penetration testing method C) The red book D) European assurance evaluation criteria,A
480,What is the purpose of hashing in the cryptographic process? **Options:** A) To create a scrambled output that can be reversed B) To detect changes in information and validate its integrity C) To authenticate individuals and entities D) To ensure confidentiality of information,B
481,"Which type of malicious code is triggered by a specific occurrence, such as a specific time or date? **Options:** A) Polymorphic virus B) Trojan horse C) Worm D) Logic bomb",D
482,What is implemented from a server to configure a centrally managed multiple client computer’s browsers? **Options:** A) Proxy and content filter B) Advanced browser security C) Policies D) Temporary browser files,C
483,What is the purpose of establishing a Configuration Management Plan (CMP) and configuring the Configuration Control Board (CCB) in the CM process? **Options:** A) To correlate CM to the International Standards Organization (ISO) 9000 series of quality systems criteria B) To support the implementation of a new Configuration Management methodology C) To maintain control over the established work product configurations and ensure the human element functions properly D) To ensure all configuration items are maintained under strict configuration control,C
484,How can social engineering be mitigated? **Options:** A) Educating employees B) Using only technical controls C) Requiring physical security measures D) Ignoring human behavior,A
485,What were some of the primary objectives of the early Internet that did not prioritize commerce and security? **Options:** A) Providing a means for computers from different manufacturers and different networks to talk to one another B) Providing a vast communication medium to share electronic information C) Creating a multiple-path network that could survive localized outages D) All of the above,D
486,What is the main limitation of the one-time pad encryption scheme? **Options:** A) It is computationally intensive B) It provides computational security only C) The key length must be as long as the message and can only be used once D) It is vulnerable to brute force attacks,C
487,What is the term for the unauthorized access or use of information from a computer system? **Options:** A) Hacking B) Vulnerability C) Phishing D) Denial-of-service attack,A
488,"In an asymmetric instance authentication, what does the prover use to calculate a tag for a random value sent by the verifier? **Options:** A) Public key B) Symmetric key C) Hash function D) Private key",D
489,How is a covert channel exploited? **Options:** A) By following standard data transfer protocols. B) By creating and executing a process to transfer information through unintended paths. C) By using authorized means of communication. D) By explicitly designing the channel for information transfer.,B
490,Which type of system storage is the MOST volatile during forensic investigations? **Options:** A) Virtual memory B) RAM C) Hard drive D) CPU cache,D
491,What is the main purpose of cryptography in data communication? **Options:** A) To authenticate the sender and receiver B) All provided answers C) To ensure data integrity and confidentiality D) To provide nonrepudiation,B
492,At which protocol layer does the Berkeley Packet Filter operate? **Options:** A) Protocol B) Transport C) Data Link D) Internetwork,C
493,Principle of need to know and the least privilege principle are part of what fundamental security concept? **Options:** A) Confidentiality B) Integrity C) Availability D) Authentication,A
494,What is the most complex and challenging task related to Security Information Management (SIM) implementation? **Options:** A) Network segmentation B) Vulnerability assessment C) Access control configuration D) Event filtering,D
495,What does the Object-Oriented Security Model (OOSM) focus on? **Options:** A) Supporting control of all direct access to objects in the system B) Encryption of data during transmission C) Access control at the user interface level D) Providing physical access control to computer equipment,A
496,Which technique involves reducing the radar cross-section of a vehicle so that it can be detected only at very much shorter range? **Options:** A) Stealth B) Burst Communications C) Terrain Bounce D) Chaff,A
497,"Why should a Windows workstation be shut down when not in use, if possible? **Options:** A) To avoid software conflicts and system errors. B) To reduce the risk of physical theft of the workstation. C) To disconnect from the Internet and prevent unauthorized access. D) To conserve energy and reduce electricity consumption.",C
498,What is a possible result of an attacker gaining access to a limited user account with impersonation privileges? **Options:** A) Physical damage to the host machine B) High system performance C) Increase in virtual memory allocation D) System compromise,D
499,What is one main function that determines a password's strength? **Options:** A) Expiration period B) Length and complexity combined C) Complexity only D) Length only,B
500,What type of protection is provided by real-time scanning in antivirus software? **Options:** A) Protection from file deletion or modification B) Protection from unauthorized network access C) Protection against phishing attacks D) Protection against malware when executing processes,D
501,What should the investigative team assess before executing the plan for a computer crime? **Options:** A) All provided answers B) If the computer is active C) If the system is proctected by any security system D) Whether the suspect is near the system,A
502,"What are the three address types used in IPv6? **Options:** A) Unicast, Anycast, Multicast B) Public, Private, Loopback C) Host, Network, Gateway D) Dynamic, Static, Virtual",A
503,What should be the focus when designing security components in the Design stage? **Options:** A) Focus on the overall capability and the associated risk factors B) Avoid security for security’s sake C) All provided answers D) Favor mature and proven security technologies,C
504,Dave is developing a key escrow system that requires multiple people to retrieve a key but does not depend on every participant being present. What type of technique is he using? **Options:** A) M of N B) Work function C) Control D) Split knowledge,A
505,What role does enrollment of users play in controlling access and usage in an Instant Messaging system? **Options:** A) Ensuring that the passphrase used for authentication is forgery-resistant B) Limiting the access to directory entries of the enrolled users C) Validating multiple users from outside the system D) Ensuring that the system permits automatic log-on and connectivity without time-outs,B
506,Which of the following is an important aspect of cybersecurity risk management? **Options:** A) Ignoring potential risks B) Sharing sensitive data openly C) Regular risk assessments D) Overlooking compliance regulations,C
507,What does the term 'Safeguard Effectiveness' represent in the context of Information Risk Management? **Options:** A) The measure of the magnitude of loss or impact on the value of an asset B) The degree to which a safeguard may be characterized as effectively mitigating a vulnerability C) The frequency with which a threat is expected to occur annually D) The potential for harm or loss,B
508,Which term best describes a system composed of simple processing elements and weighted connections between them? **Options:** A) Connected Computation Graphs B) Neural networks C) Weighted Matrices D) All of the above,B
509,What is the term for the shared resources in cloud environments? **Options:** A) Virtualization B) Broad network access C) Resource pooling D) Multi-tenancy,C
510,What is the characteristic of a botnet? **Options:** A) It uses infected computers to send out large volumes of spam or viruses B) It secures the network against intrusion attempts C) It operates as an independent entity outside of the network D) It only consists of centrally controlled computers,A
511,What does near-field communication commonly refer to in the context of wireless communication? **Options:** A) Communication for satellite navigation systems B) Communication within large networks C) Communication between two smartphones D) Communication between distant devices,C
512,What is the primary function of a network-based IDS (NIDS)? **Options:** A) To watch traffic coming into and leaving the network B) To manage DHCP servers and IP address leases C) To analyze the subnet local to you D) To monitor traffic on individual hosts,A
513,What is the main concern surrounding the surveillance of Instant Messaging by management? **Options:** A) Pervasive or routine surveillance may stifle the use of IM and diminish its value B) Ensuring that disciplined behavior among users is maintained within IM discussions C) The potential for offensive content and risks of fraud being perpetuated through IM D) Automated surveillance records become a target of attack and may leak information,A
514,Which term is used to describe the unauthorized disclosure of information? **Options:** A) Availability B) Authentication C) Confidentiality D) Integrity,C
515,Which of the following is a primary security concern associated with the use of help systems in application systems? **Options:** A) Introducing system vulnerabilities B) Potential exposure of sensitive information C) Overloading application resources D) Incompatibility with network protocols,B
516,What is the purpose of the Cross-Origin Resource Sharing (CORS) protocol in web applications? **Options:** A) To enforce access control policies based on attributes rather than identities. B) To establish secure connections for exchanging cryptographic keys between servers. C) To facilitate secure transmission of access requests and policies between nodes. D) To prevent unauthorized access to resources outside the origin of a web page.,D
517,What is the primary goal of an effective security awareness program? **Options:** A) To monitor compliance of employees with the security program B) To enforce strict adherence to policies and procedures C) To reduce losses associated with intentional or accidental information disclosure D) To make the message important to employees,C
518,"In the Williams Quadratic Encipherment, if J(2x + 1/N) = 1, what action is taken when x is odd? **Options:** A) x is replaced by 4(2x+1) modulo N B) x is multiplied by 2 modulo N C) x is squared modulo N D) x is unchanged",A
519,Which characteristic differentiates active sniffing from passive sniffing in a switched network environment? **Options:** A) Active sniffing works without requiring specific permissions on the network B) Active sniffing is dependent on broadcast and multicast frames C) Active sniffing requires manipulating devices to send all traffic to the sniffer D) Active sniffing is less invasive and easier to implement than passive sniffing,C
520,"What does an asset value primarily compose of? **Options:** A) Only the initial and on-going financial costs to the organization. B) Fitness for purpose and ease of communication. C) Level of Manual Operations and Auditability and Accountability Features. D) The asset's value to the organization’s production operations, research and development, and business model viability.",D
521,"What are the goals of the Configuration Management Plan (CMP) and the Configuration Control Board (CCB) as 'tools' in the CM process? **Options:** A) To coordinate with suppliers for the development of automated Configuration Management tools B) To establish well-thought-out plans and the capability for additions and changes, but only when completely implemented to provide appropriate assurances C) To evaluate and approve any potential new tool to be used for CM D) To pursue the attainment of a CMII Certification for automated tools",B
522,What standard is commonly referred to as the most widely used wireless LAN specification standard? **Options:** A) IEEE 802.15 B) IEEE 802.3 C) Bluetooth D) IEEE 802.11,D
523,Which of the following is often a disadvantage of using a closed system? **Options:** A) Lack of end user support. B) The source code is provided by the Internet community at large. C) The source code cannot be verified. D) Lack of product functionality.,C
524,What is the primary purpose of a data warehouse or data mart? **Options:** A) To replace operational databases B) To support business goals and decisions C) To serve as a backup for main databases D) To store raw data without transformation,B
525,Which element is not necessary to establish subject accountability? **Options:** A) Identification verification B) Privacy C) Authorization D) Logging,B
526,What is an example of a fundamental cybersecurity risk related to wireless access and remote network connectivity? **Options:** A) Physical theft of devices B) Phishing attacks through email C) Eavesdropping on wireless communications D) Social engineering attacks,C
527,Which DoS attack sends large amounts of ICMP Echo traffic to a broadcast IP address with a spoofed source address of a victim? **Options:** A) SYN flood attack B) Ping of Death C) Smurf attack D) Botnet attack,C
528,You identify a security risk that you do not have in-house skills to address. You decide to procure contract resources to mitigate this security risk. Which type of risk response strategy are you demonstrating? **Options:** A) Mitigation B) Transference C) Acceptance D) Avoidance,B
529,What is one of the main challenges in providing transparent access for remote employees accessing the internal network? **Options:** A) Keeping detailed logs of system utilization B) Policies that are difficult to implement C) Predicting individual work habits and network usage D) Ensuring all users have the same level of access,C
530,What is the primary responsibility of the SSH Transport Layer Protocol during the key exchange phase? **Options:** A) Exchanging client and server keys / client authentication B) Establishing a TCP connection / client authentication C) Encrypting the communication / Exchanging client and server keys D) All provided answer,A
531,What is the primary purpose of a low-interaction honeypot? **Options:** A) To provide detailed information on the steps involved in exploitation and post-compromise activity. B) To lure attackers and malicious code without being compromised. C) To emulate services and vulnerabilities to attract inbound exploit attempts from attackers. D) To capture the full extent of post-compromise activity for analysis.,C
532,"If you were to see the following in a packet capture, what would you think was happening? <!ENTITY xxe SYSTEM 'file:///etc/passwd'>]]> **Options:** A) Command injection B) XML external entity injection C) Cross‐site scripting D) SQL injection",B
533,At what level of Evaluation Assurance Level (EAL) is extensive formal analysis applied to security TOE? **Options:** A) EAL6 B) EAL3 C) EAL1 D) EAL7,D
534,Why are covert channels a concern in multilevel secure systems? **Options:** A) They allow unauthorized access to sensitive information B) They pose a risk of software tampering C) They can be used to communicate information across security levels D) They create performance bottlenecks in the system,C
535,Which of the following features ensures that information that flows between end users and security servers is not intercepted through spying or eavesdropping? **Options:** A) Access Control B) Encryption C) Application Control D) Authentication,B
536,What does IPsec stand for? **Options:** A) Internet Protocol Security B) Internet Protocol Service C) Internet Privacy and Security D) Internet Protocol Standard,A
537,What is the primary purpose of conducting regular cybersecurity training and awareness programs? **Options:** A) To reduce employee productivity B) To educate users about potential security risks C) To increase the complexity of security measures D) To introduce new software,B
538,What is used to refer to a program that is set up to run in a quiescent state but to activate its payload under specific conditions? **Options:** A) Macro Virus B) Hoax C) DDoS Zombie D) Logic Bomb,D
539,"What is an effective measure for obtaining fault tolerance with leased lines or connections to carrier networks? **Options:** A) Deploying a single redundant connection with two different service providers. B) Purchasing connections from two different telcos or service providers, ensuring they connect to the same regional backbone. C) Ensuring that all communication lines from the building are centrally located to prevent single points of failure. D) Considering a nondedicated connection to provide partial availability in the event of a primary leased line failure.",B
540,What is the primary goal of security patches in the context of cybersecurity? **Options:** A) To fix known security vulnerabilities and protect against potential exploits. B) To improve the performance of the network infrastructure. C) To introduce new security vulnerabilities for testing purposes. D) To upgrade hardware components to enhance security.,A
541,"Which term refers to the act of a user professing an identity to the system, such as a logon ID? **Options:** A) Identification B) Accountability C) Authentication D) Authorization",A
542,What is the purpose of MAC Flooding in the context of network sniffing? **Options:** A) To cause the switch to malfunction and send all messages to all ports B) To generate fake MAC addresses for unauthorized access C) To flood the switch with random MAC addresses D) To send excessive traffic to the switch to overload it,A
543,"Which information security service verifies the claimed identity of an individual, workstation, or process? **Options:** A) Authentication B) Accountability C) Assurance D) Authorization",A
544,What does a full-open scan do during a port scan? **Options:** A) Attempts to establish a full connection with the target port B) Sends a packet with the FIN flag set to determine if a port is open C) Sends a packet with the SYN flag set to determine if a port is open D) Sends a packet with the ACK flag set to determine if a port is open,A
545,Which standard is used to describe how to call a Web service and where to find the service? **Options:** A) SAML B) WSDL C) WS-Security D) UDDI,B
546,What does the term 'forensics' refer to in the context of information security? **Options:** A) Monitoring network traffic for security threats B) Implementation of secure coding practices C) Investigation of data breaches and security incidents D) Analysis of security logs and audit trails,C
547,Which one of the following tools can be used to launch a distributed denial of service attack against a system or network? **Options:** A) Trinoo B) Satan C) Nmap D) Saint,A
548,"What is the protocol used for remote authentication and related services, such as event logging, in a network environment? **Options:** A) Secure Socket Layer B) Uniform Resource Locator C) Synchronous Optical NETwork D) Remote Authentication Dial-In User Service",D
549,How does HTTP serve as a potential protocol for tunneling data? **Options:** A) By allowing a large area for payload content within the request and reply messages. B) By using strong encryption that makes it difficult to inspect the payload content. C) By providing strict access control and limited space for payload content. D) By limiting the types of data that can be transmitted through the protocol.,A
550,"In asymmetric key cryptography, what is the relationship between the encrypting and decrypting keys? **Options:** A) They have no mathematical relationship B) They have a fixed mathematical relationship C) They have the same value and are interchangeable D) They have a variable mathematical relationship",B
551,When should the emergency response instructions and checklists be arranged in order of priority? **Options:** A) In reverse order of priority B) With the least important task first C) With the most important task first D) Based on the preferences of the first responders,C
552,"In the context of cybersecurity, what is the primary purpose of a smart card? **Options:** A) To contain an embedded chip for secure identification and authentication B) To protect against DoS attacks C) To provide authentication for network access D) To store sensitive information and personal data",A
553,Which method involves enumerating through all possible keys until the proper key is found to decrypt a given cipher text? **Options:** A) Decryption B) Frequency analysis C) Brute-force attack D) Cryptanalysis,C
554,What is the purpose of a security audit in cybersecurity? **Options:** A) To validate compliance with industry regulations and security policies B) To assess the performance of network hardware C) To enhance system speed and efficiency D) To manage software licenses,A
555,Which algorithm is known for its compact design and reduced computational power requirement? **Options:** A) Diffie-Hellman B) Elliptic Curve C) RSA D) RC4,B
556,Which type of vulnerability is identified when the application fails to check the user's permission during a session? **Options:** A) TOCTTOU B) Buffer overflow C) SQL injection D) Backdoor,A
557,What is the primary purpose of access controls in a security infrastructure? **Options:** A) To encrypt all sensitive data in the network B) To manage system backups and recovery processes C) To supervise and monitor employee activities D) To authenticate users and confirm their identities,D
558,Which encryption algorithm operates on a block of data rather than each character? **Options:** A) Triple DES B) RSA C) RC4 D) None of the above,A
559,"The termination of selected, non-critical processing when a hardware or software failure occurs and is detect. **Options:** A) Capable of detecting and correcting the fault B) Capable of terminating operations in a safe mode C) Capable of only detecting the fault D) Capable of a cold start",B
560,"What is the purpose of monitoring in cybersecurity? **Options:** A) To ensure compliance with regulations. B) To review the patterns and trends of data rather than the actual content. C) To inform would-be intruders or those who attempt to violate the security policy that their intended activities are restricted and will be audited and monitored. D) To detect abnormalities, unauthorized occurrences, or outright crimes.",D
561,What is the main advantage of an operational forensics program? **Options:** A) Developing cost-effective investigative methods. B) Quickly restoring system operations without losing crucial information. C) Reconstructing data after an intrusion. D) Resolving system malfunctions without proper investigation.,B
562,"What tasks fall under the category of 'risky' user behavior on a Windows workstation? **Options:** A) Document writing, photo processing, and Web site maintenance. B) Simple gaming, e-mail and instant messaging, and finance management. C) E-mail, Web browsing, and multimedia activities. D) Web browsing with frequent downloads, IRC chat, multimedia experiments, and risky game downloads.",D
563,Which principle suggests that security controls should rely on well-specified secrets and not on secrecy about how they operate? **Options:** A) Economy of mechanism B) Fail-safe defaults C) Open design D) Complete mediation,C
564,Which steganography technique involves inserting blocks of data into a host file at consistent locations? **Options:** A) Pattern-based steganography B) Grammar-based steganography C) Insertion-based steganography D) Algorithmic-based steganography,C
565,What is the process of disguising a message to prevent unauthorized access or use? **Options:** A) Firewalling B) Authentication C) Access control D) Encryption,D
566,An SYN attack uses which protocol? **Options:** A) UDP B) TCP C) Telnet D) HTTP,B
567,What should be done to restrict information provided in headers and error messages from web servers? **Options:** A) Displaying server version numbers B) Enabling directory listings C) Restricting information provided D) Using appropriate access control,C
568,What kind of attack uses targeted phishing to lure activists and companies into installing malware that is later used to spy on them? **Options:** A) Espionage B) Ransomware C) Disinformation D) Data leaks,A
569,What network technology makes sniffing harder for attackers? **Options:** A) Mail servers B) Switches C) Hubs D) DHCP,B
570,What is the primary control technology used to limit what devices can connect to a network? **Options:** A) Network access control (NAC) B) Intrusion prevention system (IPS) C) Firewall D) Virtual private network (VPN),A
571,Which one of the following encryption algorithm modes suffers from the undesirable characteristic of errors propagating between blocks? **Options:** A) Electronic Code Book B) Output Feedback C) Counter D) Cipher Block Chaining,D
572,What potential countermeasure can be implemented to mitigate NFC vulnerabilities? **Options:** A) Shield the NFC devices B) Enhance the protocol with two-factor authentication C) None of the above D) Both A and B are correct,D
573,Which approach is used by the IBM KryptoKnight SSO system to securely transmit secret keys? **Options:** A) Hybrid cryptography B) RSA encryption C) Public key cryptography D) Symmetric key cryptography,C
574,Which type of encryption technology is used with the BitLocker application? **Options:** A) Symmetric B) WPA2 C) Asymmetric D) Hashing,A
575,In which stage of an ethical hack would the attacker actively apply tools and techniques to gather more in-depth information on the targets? **Options:** A) Passive reconnaissance B) Gaining access C) Active reconnaissance D) Scanning and enumeration,D
576,What is the purpose of encryption? **Options:** A) To increase network speed B) To improve user experience C) To prevent unauthorized access to data D) To identify network vulnerabilities,C
577,What is the term for the percentage of loss that a realized threat event would have on a specific asset in Risk Analysis? **Options:** A) Single Loss Expectancy (SLE) B) Annualized Loss Expectancy (ALE) C) Exposure Factor (EF) D) Annualized Rate of Occurrence (ARO),C
578,What is the purpose of Network File System (NFS) in storage networking? **Options:** A) To secure sensitive data on removable media B) To ensure physical environment security C) To allow file systems to be accessed by other computers in the network D) To prevent hardware failure,C
579,What is the primary mechanism used by rootkits to avoid detection? **Options:** A) Encryption of malicious actions to prevent detection. B) Causing system crashes to distract administrators from discovering the rootkit. C) Self-replication to avoid being easily identified. D) Stealth techniques to hide all indications of the attacker's presence on victim systems.,D
580,What security mechanism is designed to prevent unauthorized data access and protect the integrity of processes? **Options:** A) Firewall B) Encryption C) Virtualization D) Process isolation,D
581,What mitigation technique in modern processors marks certain areas of memory as nonexecutable to prevent buffer overflow attacks? **Options:** A) Stack cookies B) Address space layout randomization (ASLR) C) Antivirus protection D) Data execution prevention (DEP),D
582,What is the purpose of risk management in information security? **Options:** A) To implement avoidance strategies for preventing security breaches. B) To assess and address risks in dynamic computing environments. C) To predict the frequency and magnitude of security incidents. D) To protect against theoretical security threats.,B
583,What do most VPNs use to protect transmitted data? **Options:** A) Encryption B) Obscurity C) Transmission logging D) Encapsulation,A
584,Which type of fire might a CO2-based fire extinguishing system be most suitable for? **Options:** A) Electrical fires B) Class B fires C) Class A fires D) Combustible metals fire,A
585,Which of these is an example of an application layer gateway? **Options:** A) Runtime application firewall B) Next‐generation firewall C) Email filtering device D) Web application firewall,D
586,Which of the following is NOT considered an authentication factor? **Options:** A) Fingerprint scan B) Username and password C) Log files and audit trail D) Smartcard and PIN,C
587,"In switching, decisions about forwarding messages are made based on the: **Options:** A) Hostname B) Physical address C) Port number D) IP address",B
588,What is the purpose of the procurement and contracts policy in information security management? **Options:** A) To ensure consistent security controls with third parties B) To address employee privacy rights C) To establish the process of outsourcing security controls D) To dictate the frequency of vulnerability assessments,A
589,What tool can be used to establish a connection to a remote host by an attacker? **Options:** A) Netcat B) PsExec C) Pwdump D) Winrtgen,A
590,"What are the three main goals of cryptography? **Options:** A) Authentication, access control, and authorization B) Confidentiality, integrity, and non-repudiation C) Availability, encryption, and confidentiality D) Integrity, encryption, and authentication",B
591,What is the primary focus of a computer forensic practitioner when testifying in court? **Options:** A) Defending the actions of the defendant B) Focusing on simply answering the questions that demand to be answered C) Ensuring the outcome of the case D) Demonstrating uncertainty in all aspects of evidence,B
592,What is the primary function of Network Address Translation (NAT)? **Options:** A) To create a logical pathway or circuit over a packet-switched network B) To provide exclusive use of a communication path to the current communication partners C) To convert internal IP addresses found in packet headers into public IP addresses for transmission over the Internet D) To encrypt data transmission over a network,C
593,What is a common impact of intranet security breaches on organizations? **Options:** A) Financial loss and reputational damage B) Improved market share C) Increased customer trust D) Decreased competition,A
594,What type of capability does a clustered server provide in terms of fault tolerance? **Options:** A) Automatic rollover or failover B) Data storage redundancy C) Hot rollover for human safety D) Remote journaling for backups,A
595,Which type of encryption protects entire communications circuits by creating a secure tunnel between two points and encrypting all traffic entering and exiting the tunnel? **Options:** A) Link Encryption B) End-to-End Encryption C) SSH Encryption D) IPSec Encryption,A
596,How are permissions defined in the mandatory access control model? **Options:** A) Access control lists B) Defined by the user C) User roles D) Predefined access privileges,D
597,What is the main purpose of a Security Target (ST) in the Common Criteria? **Options:** A) To specify security mechanisms and features that meet the requirements of a PP B) To communicate the security requirements of a consumer to potential developers C) To perform independent evaluations of IT security products D) To demonstrate the completeness of the security function of a TOE,A
598,Why might residential users experience limitations when using VPNs on their ISP networks? **Options:** A) Restrictions imposed by broadband providers to segment allowed services on their networks B) Technical limitations in the deployment of VPN clients on home networks C) Regulatory constraints on using VPNs for residential internet connections D) Increased vulnerability to distributed denial-of-service attacks due to network congestion,A
599,What is the main advantage of using optical fiber as a transmission medium? **Options:** A) Flexibility B) Easier installation C) Low cost D) High bandwidth,D
600,What security measure is typically used by wireless routers for router-to-router traffic? **Options:** A) Service set identifier broadcasting B) Encryption C) Weakening of signal strength D) Unauthorized access point detection,B
601,Which choice below is the BEST description of an audit trail? **Options:** A) An audit trail is a device that permits simultaneous data processing of two or more security levels without risk of compromise. B) Audit trails are used to prevent access to sensitive systems by unauthorized personnel. C) Audit trails are used to detect penetration of a computer system and to reveal usage that identifies misuse. D) An audit trail mediates all access to objects within the network by subjects within the network.,C
602,"Which type of access control list (ACL) is typically used to specify the criteria for filtering packets by source and destination IP addresses, as well as the type of application used? **Options:** A) Protocol ACL B) IP ACL C) Firewall ACL D) MAC address ACL",B
603,What is the main purpose of SQL injection attack? **Options:** A) To extract sensitive information transmitted over the internet B) To bypass authentication and gain unauthorized access to databases C) To manipulate HTTP response data and redirect users to malicious sites D) To execute denial of service attacks on web servers,B
604,What is the primary security goal of configuration management? **Options:** A) To identify and mitigate security vulnerabilities B) To monitor employee security awareness C) To accurately roll back to a previous version of a system D) To ensure that changes do not unintentionally diminish security,D
605,What is the best defense against sniffing attacks? **Options:** A) Utilizing a switch instead of a hub to create a LAN. B) Encrypting data in transit. C) Applying system patches in a timely manner. D) Conducting periodic vulnerability scans.,B
606,What does the *-property in the Biba model indicate? **Options:** A) A subject can only save an object at the same or higher classification level B) A subject cannot send logical service requests to an object of higher integrity C) A subject cannot modify an object of a higher integrity level D) A subject cannot observe an object of a lower integrity level,C
607,"Which of the following communication systems within cells engages in the process of endocytosis and exocytosis, facilitating secure transport, communication, and routing between organelles? **Options:** A) Gap junctions B) Extracellular matrix C) Endo- and exocytosis D) Membrane channels",C
608,What is the most effective security countermeasure for dealing with potential data loss from malware infections? **Options:** A) Running software firewalls B) Installing multiple antivirus software C) Frequent system reboots D) Regular system and data backups,D
609,What technology is used to generate a new password every 60 seconds for secure dial-in authentication? **Options:** A) Biometrics B) Static Password C) Time Synchronous D) Dynamic Access Control,C
610,What is the primary purpose of Risk Analysis? **Options:** A) To assess the annual security budget B) To quantify the impact of potential threats C) To eliminate all risks within an organization D) To determine the CEO's salary,B
611,"In the context of network attacks, what is the primary purpose of encryption? **Options:** A) To secure communication over the network and authenticate data. B) To prevent attacks from happening in the first place. C) To limit the scope of compromise in a network. D) To mitigate the noise in the internet environment.",A
612,"In the TCP/IP suite, which layer's function is to ensure the transport or sending of data is successful? **Options:** A) Transport B) Session C) Physical D) Network",A
613,Which of the following refers to the process of disguising a message so that its meaning is not obvious? **Options:** A) Non-repudiation B) Cryptography C) Integrity D) Authentication,B
614,What is the primary purpose of the scripting engine in nmap? **Options:** A) To identify open ports B) To extend the functionality of nmap through custom scripts C) To randomize the hosts being scanned D) To encrypt scan results,B
615,Which encryption method is recommended for SRTP? **Options:** A) RC4 B) AES in Galois/Counter Mode C) DES D) SHA1-based HMAC,B
616,Which measurement property of biometric systems must be able to accurately verify an employee throughout the entire length of employment? **Options:** A) Feature analysis B) Consistency over time C) Autonomy of the users D) Accuracy,B
617,What is vishing? **Options:** A) A form of malware that spreads through voice calls B) A social media influence campaign C) A form of phishing attack using voice calls D) A type of attack targeting physical security,C
618,What type of malware was Ramen? **Options:** A) Trojan B) Virus C) Worm D) Ransomware,C
619,"According to the FBI’s National Security Threat List, which of the following is listed as an issue? **Options:** A) Perception management B) All provided answers C) Terrorism D) Economic espionage",B
620,In what situation would you employ a proxy server? **Options:** A) You want to filter Internet traffic for internal systems. B) You want to allow outside customers into a corporate website. C) You want to provide IP addresses to internal hosts. D) You wish to share files inside the corporate network.,A
621,What is the main purpose of conducting security assessments? **Options:** A) Conducting regular vulnerability scans B) Auditing network bandwidth utilization C) Ensuring compliance with regulations D) Evaluating the effectiveness of security controls,D
622,What is the main purpose of the Code of Fair Information Practices? **Options:** A) Preventing unauthorized access to the internet B) Ensuring that there are no secret record-keeping systems C) Governing personal conduct in the realm of business D) Protecting personal information in a responsible manner,D
623,What does an effective information security awareness program require from employees? **Options:** A) Strict adherence to complex security protocols B) Active participation and awareness C) Involvement in decision-making for the program D) Regularly scheduled group meetings,B
624,"How does antivirus software protect the computer? **Options:** A) By installing the latest service pack B) By controlling user rights, permissions, and password policies C) By disabling unnecessary services D) By checking every process as it attempts to execute",D
625,What is the term for the process of redirecting workload to a backup system when the primary system fails? **Options:** A) Failover B) Remote journaling C) Data shadowing D) Server mirroring,A
626,What is the primary purpose of ensuring the authenticity and integrity of a digital certificate? **Options:** A) To establish trust in the certificate and its owner B) To confirm the data contained in the certificate C) To allow multiple sessions over a single connection D) To prevent unauthorized access to the certificate,A
627,Which of the following is a fundamental principle of cybersecurity to ensure system integrity? **Options:** A) Ignoring system alerts B) Using outdated software versions C) Disabling system firewalls D) Regularly verifying system files and configurations,D
628,Which system is customized for forensic usage and includes tools for use in a Windows environment? **Options:** A) Penguin Sleuth B) EnCase® C) Knoppix D) Helix,D
629,"Which theorem states that a^p ≡ a (mod p) for any integer a, where p is a prime number? **Options:** A) Euler's Theorem B) RSA Theorem C) Fermat’s Little Theorem D) Merkle's Theorem",C
630,What does the least privilege principle focus on? **Options:** A) Special privileges B) Security incidents C) Administrator accounts D) Access permissions,D
631,"In the Cellular Network Vulnerability Assessment Toolkit (CAT), what is the main purpose of the attack graph? **Options:** A) To provide a state transition representation of the paths through a system, starting with the conditions of the attack, followed by attack action, and ending with its cascading effects. B) To pinpoint the specific vulnerabilities in the cellular network configuration. C) To provide a high-level representation of the cellular network specifications. D) To define the different types of attacks that can occur in a cellular network.",A
632,Which characteristic of biometric technology is related to the users' ability to decline or not participate in biometric identification systems? **Options:** A) Ease of use B) Privacy concerns C) Social acceptability D) Autonomy of the users,D
633,"As the new CISO of his organization, Norbert decided to initiate a comprehensive set of scans. The scans reported that nearly all of his endpoints have known operating system vulnerabilities. What is the most likely root cause of this situation? **Options:** A) The endpoints do not have up-to-date antimalware software installed B) The organization is the victim of an advanced persistent threat C) Brute force attack D) The endpoints have not been kept up-to-date with the latest security patches",D
634,Why is it essential to implement a data retention and disposal policy as part of protecting stored account data? **Options:** A) To ensure that data that is no longer needed is securely deleted or rendered unrecoverable to prevent unnecessary retention of data. B) To complicate data access for authorized personnel. C) To make it easier for malicious individuals to access unnecessary data. D) To maintain an excessive amount of stored data for future reference.,A
635,What is the role of Trusted Computing Base (TCB) in a computer system? **Options:** A) It enforces a unified security policy over a product or system B) It manages access control lists C) It ensures compliance with industry regulations D) It performs vulnerability assessments,A
636,Which threat is characterized by unauthorized access to sensitive data through the use of software vulnerabilities and malicious code? **Options:** A) Brute Force Attack B) Phishing C) Man-in-the-Middle (MitM) Attack D) Malware,D
637,Which regional Internet registry is responsible for managing IP addresses in the United States and Canada? **Options:** A) African Network Information Center (AfriNIC) B) Asia Pacific Network Information Centre (APNIC) C) American Registry for Internet Numbers (ARIN) D) Réseaux IP Européens Network Coordination Centre (RIPE NCC),C
638,What type of controls are often used for controlling access to restricted areas? **Options:** A) Biometric access controls B) Smart cards C) Antivirus software D) Access control software,A
639,Which of the following is the best example of “need-to-know”? **Options:** A) The operators’ duties are frequently rotated. B) Two operators have administrative privileges. C) An operator does not know more about the system than the minimum required to do the job. D) The operators have varied responsibilities to prevent a single individual from compromising the system.,C
640,What is the purpose of performing regular software updates and patch management? **Options:** A) To ensure compatibility with new hardware B) To add new features to the software C) To fix security vulnerabilities and bugs D) To enhance system performance,C
641,"What is the purpose of separation of duties and responsibilities in security operations? **Options:** A) To ensure that users have access only to data they need to know for their job B) To assess and mitigate the vulnerabilities of security architectures, designs, and solution elements C) To access applications written by someone else D) To prevent fraud and reduce risk by requiring collusion between two or more people to perform unauthorized activity",D
642,What is the purpose of implementing a security policy for mobile computing devices? **Options:** A) To mitigate inherent security risks associated with mobile devices B) To ensure all employees have access to mobile devices C) To prioritize use of personal rather than company-owned mobile devices D) To restrict the use of mobile devices in the network,A
643,"Whenever an organization works with a third party, its supply chain risk management (SCRM) processes should be applied. One of the common requirements is the establishment of minimum security requirements of the third party. What should these requirements be based on? **Options:** A) Third-party audit B) Existing security policy C) On-site assessment D) Vulnerability scan results",B
644,What is the percentage of false alarms generated by a system known as? **Options:** A) False-positive rate B) True-positive rate C) False-negative rate D) True-negative rate,A
645,Which social engineering technique involves manipulating a person into providing information or a service they otherwise would never have given? **Options:** A) Phishing B) Impersonation C) Pretexting D) Tailgating,C
646,What is the role of a Certificate Repository in the Public Key Infrastructure (PKI)? **Options:** A) To enroll and generate certificates or the public–private key pair for users B) To hold all public keys in a repository and manage the distribution and revocation of certificates C) To hold all public keys in a repository D) To manage the distribution and revocation of certificates,B
647,Why is it important to limit user access to only necessary network resources? **Options:** A) To improve network speed B) To make the network more accessible C) To reduce the risk of unauthorized access and data breaches D) To encourage collaboration among users,C
648,"In the context of cybersecurity, what is steganography? **Options:** A) A method of concealing a message inside another medium so that only the sender and recipient know of its existence. B) The practice of breaking cryptographic algorithms to compromise the security of data. C) The process of reconstructing digital files to ensure their integrity and authenticity. D) A method of encrypting data during transmission to ensure it remains confidential.",A
649,Cloud technologies are used to accomplish which of the following? **Options:** A) Cut costs B) Increase management options C) Offload operations onto a third party D) All of the above,D
650,What does precision measure in the context of Intrusion Detection Systems? **Options:** A) The completeness of the detection B) The usefulness of the alerts C) The fraction of real alerts in all alerts D) The fraction of real alerts over all relevant information,C
651,What is the purpose of hashing in cryptography? **Options:** A) To scramble data during transmission B) To convert cipher text into plain text C) To generate a fixed-size string of characters to represent data D) To implement public key encryption,C
652,Which resource record in DNS specifies the authoritative name server for the domain? **Options:** A) A B) NS C) PTR D) SOA,B
653,What type of malicious code is a self-replicating program that spreads from system to system? **Options:** A) Companion Virus B) Polymorphic Virus C) Worm D) Trojan Horse,C
654,Which of the following accurately describes the organization's responsibilities during an unfriendly termination? **Options:** A) To ensure the retention of cryptographic keys by the terminated employee B) To terminate system access for the departing employee as quickly as possible C) To physically remove employees from the premises D) To give employees time to remove necessary files from the network,B
655,Which WAN technology provides high-speed cell switching and is capable of allocating bandwidth upon demand? **Options:** A) Asynchronous Transfer Mode (ATM) B) Frame Relay C) Voice over IP (VoIP) D) X.25,A
656,Which security measure is designed to track and record individuals who access specific areas within a physical location? **Options:** A) Logic-based access control B) Biometric identification C) Authorization tokens D) Surveillance cameras,D
657,What approach is fragile as it restricts who may audit a security control and is ineffective against insider threats or controls that can be reverse-engineered? **Options:** A) Least privilege B) Least common mechanism C) Fail-safe defaults D) Security by obscurity,D
658,Why should IT infrastructure security audits or security reviews be conducted with frequency? **Options:** A) Based on the frequency of cyber attacks. B) Based on the level of risk to warrant the expense and interruption caused by a security audit. C) Based on the availability of new software patches. D) Based on the size of the organization's IT infrastructure.,B
659,Where is the optimal place to have a proxy server? **Options:** A) In between a private network and a public network B) In between two public networks C) In between two private networks D) On all of the servers,A
660,How do blacklists help prevent spam? **Options:** A) By encrypting all incoming e-mails B) By modifying the content of incoming e-mails C) By adding sensitive information to the spam database D) By filtering out e-mails from specific IP addresses,D
661,Which type of ticket should be used to obtain a proxy ticket for an end service if the client does not possess a proxiable ticket for the end service? **Options:** A) Backup B) Full C) Blanket D) Direct,D
662,"Which of the following protocols enables secure connection to a private trusted network through a public untrusted network, such as the Internet? **Options:** A) TLS B) VPN C) SSL D) HTTP",B
663,Digital signatures encrypt the message hash with which of the following keys? **Options:** A) Sender’s private key B) Receiver’s private key C) Receiver’s public key D) Sender’s public key,A
664,Which of the following is NOT a recommended key agreement protocol for asymmetric schemes? **Options:** A) RSA with PKI B) Diffie-Hellman key exchange without authentication C) DH key exchange with authentication via PKI D) Pre-shared keys,B
665,Which best describes the term 'biometrics'? **Options:** A) The science of measuring and analyzing biological information. B) The study of computer systems and software. C) The analysis of market trends and consumer behavior. D) The process of creating unique digital signatures for authentication.,A
666,Which cryptographic algorithm is the U.S. government standard for the secure exchange of sensitive but unclassified data? **Options:** A) Twofish B) Skipjack C) AES D) CAST,C
667,Which method can be used to generate a lot of traffic to take a service offline? **Options:** A) Firewall configurations B) Amplification attacks C) Phishing attacks D) Buffer overflows,B
668,What does DDoS stand for? **Options:** A) Distributed Denial of Service B) Double Denial of Service C) Dual Denial of Services D) Denial of Distributed Services,A
669,What is a weakness that enables a risk to have an impact? **Options:** A) Vulnerability B) Control C) Threat D) Exposure,A
670,What is the purpose of a perimeter breach detection system? **Options:** A) To detect unauthorized activities and notify the authorities B) To sense movement or sound in a specific area C) To engage additional locks and shut doors to prevent intrusion D) To monitor for significant changes in visible light levels for the monitored area,A
671,Which of these is not an advantage of using automation in a cloud environment? **Options:** A) Consistency B) Testability C) Fault tolerance D) Repeatability,C
672,What is the first step of an organization's incident response process? **Options:** A) Identification B) Validation C) Transport encryption D) Follow-up,A
673,Why is upper-level management support critical for the implementation of a security program? **Options:** A) To gain approval for system updates B) To allocate budget for threat intelligence sharing C) To ensure compliance with international security standards D) To establish a focus on security within the organization,D
674,Which protocol uses the concept of flags in the header of a packet? **Options:** A) HTTP B) TCP C) UDP D) IP,B
675,What is the main reason for businesses to prioritize security in deploying and maintaining technology? **Options:** A) To comply with federal regulations B) To gain the trust of customers C) To reduce operational costs D) To ensure the availability of data,B
676,"What is the practical implication of the fact that with DSA, even if the same message is signed twice on different occasions, the signatures will differ? **Options:** A) It ensures that the integrity of the message remains intact B) It increases the computational overhead of the signing process C) It allows the recipient to independently verify the authenticity of each signature D) It introduces a potential vulnerability in the signature verification process",C
677,What is the most effective method for controlling dial-up access to a computer system? **Options:** A) Intercepting calls and verifying the identity of the caller (using a dynamic password mechanism) B) Adding modems to personal computers C) Implementing call-back systems D) Using a different phone number each time,A
678,What is the purpose of using groups and roles in access control? **Options:** A) To assign access permissions based on specific user actions B) To manage individual access permissions for each user C) To provide a way to delegate access permissions to multiple users simultaneously D) To limit access to resources based on a user's position in the organization,C
679,What term is used to describe the process of enciphering plaintext to produce ciphertext using a predetermined algorithm and key? **Options:** A) Decoding B) Encoding C) Decryption D) Encryption,D
680,Which type of controls operates after the fact and can be used to track an unauthorized transaction for prosecution or lessen an error's impact by identifying it quickly? **Options:** A) Corrective controls B) Detective controls C) Deterrent controls D) Preventative controls,B
681,"According to the HIPAA-CMM, which practice involves administering physical security controls for information systems protection? **Options:** A) Develop Disaster Recovery and Business Continuity Plans B) Administer Physical Security Controls C) Establish Patient Health Care Information Security Controls D) Administer Patient Health Care Information Controls",B
682,Which protocol suite uses cryptography to ensure the confidentiality and integrity of data over a network? **Options:** A) HTTP B) IPsec C) SMTP D) TLS,B
683,Which of the following terms can be used in a description of asymmetric key encryption? **Options:** A) Multifactor B) Single factor C) Public key D) Private key,C
684,What is the main purpose of retaining audit log history for at least 12 months? **Options:** A) To support historical investigations B) To comply with mandatory data retention laws C) To avoid legal liabilities D) To reduce storage requirements,A
685,What is the primary role of the IT director or CIO within an organization? **Options:** A) Handling day-to-day IT operations and support. B) Leading marketing and sales initiatives. C) Facilitating business operations and understanding the direction and technology needs of the corporation. D) Managing financial transactions and accounting processes.,C
686,"In 2016, which web server technology was estimated to be running on 60% of web servers worldwide? **Options:** A) nginx B) Apache C) IIS D) Netscape",B
687,Which character is the best choice to start a SQL injection attempt? **Options:** A) Colon B) Double quote C) Semicolon D) Single quote,D
688,Imprisonment is a possible sentence under **Options:** A) Civil (tort) law B) Both civil and criminal law C) Criminal law D) Neither civil or criminal law,C
689,Which system does Kerberos primarily authenticate? **Options:** A) Web servers B) Client-server applications and user identities C) Database systems D) Only User accounts,B
690,Which device is used to connect two or more hosts or network segments together at the physical and link layer level? **Options:** A) Router B) Firewall C) Hub D) Bridge,D
691,What does 'cyber stalking' refer to in the context of cybersecurity? **Options:** A) Using electronic media to stalk another person B) Monitoring the Web for illegal activities C) Threatening electronic mail messages D) Sending unsolicited advertising emails,A
692,Why is it important to assign least privileges based on job classification and function? **Options:** A) To prevent unauthorized access or accidental changes to application configuration. B) To grant access to all system components and data. C) To restrict individual access rights. D) To grant maximum access for efficient operations.,A
693,What is the HIPAA-CMM based on? **Options:** A) Healthcare administration standards B) Systems security engineering C) Federal healthcare legislation D) Software development quality,B
694,What is an example of a potential consequence of a buffer overflow? **Options:** A) Causing denial of service (DoS) by consuming excessive CPU resources B) Bypassing the authentication process in a program C) Gaining unauthorized access to sensitive files D) All the listed options are possible consequences of a buffer overflow,D
695,What is the purpose of applying the function F in a Feistel cipher? **Options:** A) To derive the subkey B) To split the plaintext into left and right halves C) To generate the keystream D) To process each block of the ciphertext,D
696,How does an ISMS protect by degrees according to the key principles outlined in the security management handbook? **Options:** A) By eliminating all forms of risk B) By reducing residual risk to an acceptable level C) By implementing stringent controls D) By insulating the organization from all vulnerabilities,B
697,What is a potential vulnerability associated with the use of dynamic linked libraries (DLLs) in application systems? **Options:** A) Introduction of malicious code through substitution of trusted components B) Causing system crashes C) Slowing down system performance D) Exposing sensitive data to unauthorized access,A
698,What is the purpose of screening potential personnel prior to hiring in accordance with PCI DSS? **Options:** A) To minimize the risk of attacks from internal sources. B) To ensure shorter onboarding times for new personnel. C) To prevent corporate espionage. D) To maintain a diverse workplace environment.,A
699,What was the Internet worm of November 1988 known for? **Options:** A) It exploited a number of vulnerabilities to spread from one machine to another B) It was the first famous case of a service denial-attack C) It was a program written by Robert Morris Jr D) All provided answers are correct,D
700,Which of the following human capabilities and limitations is relevant to usable security? **Options:** A) Cultural diversity B) Physical strength and agility C) Limited attention and memory D) Social networking skills,C
701,Where is the SAM file stored on a Windows 7 system? **Options:** A) /etc/ B) C:\Windows\System32\Config\ C) C:\Windows\System32\Drivers\Config D) C:\Windows\System32\etc\,B
702,What is the main focus of anti-gundecking measures according to the context? **Options:** A) Preventing staff from applying seals carelessly B) Ensuring that all compartments of baggage are properly sealed C) Detecting staff who pretend to have inspected seals D) Improving the adhesion of tape seals on checked bags,C
703,What is necessary to decrypt a message encrypted with RSA? **Options:** A) The public key B) The decryption exponent C) The encryption exponent D) The product of the prime numbers p and q,B
704,What should employees do to minimize the risk of phishing attacks? **Options:** A) Share their passwords with colleagues for convenience B) Regularly undergo cybersecurity training to recognize phishing attempts C) Click on links and attachments in emails without verifying the source D) Provide personal information over email or the phone when requested,B
705,"In the context of cryptography, what is the purpose of a digital signature? **Options:** A) To obscure the content of a message or file, making it unreadable to unauthorized users. B) To encrypt data for secure transmission over the internet. C) To verify the authenticity and integrity of a message or digital document. D) To protect a network from unauthorized access and cyber threats.",C
706,"In TCP/IP networking, which protocol is used to ask what IP address corresponds to the URL a user enters? **Options:** A) DNS B) TCP C) ARP D) IP",A
707,Which of the following best defines phishing? **Options:** A) A social engineering technique to fraudulently acquire sensitive information B) A technique used to hack into email servers C) A form of hacking that targets computer networks D) A criminal activity using malware to steal sensitive information,A
708,"Why is two-factor authentication considered more secure than traditional password-based authentication methods? **Options:** A) It associates each user with a unique digital certificate that serves as an additional layer of identity verification. B) It combines something the user knows (e.g., password) with something the user has (e.g., a mobile device or security token) for authentication. C) It limits access to sensitive information based on user roles and permissions within the network infrastructure. D) It requires users to use a combination of upper and lower case letters, numbers, and special characters to create strong passwords.",B
709,"What are the three basic elements of protection provided by security technology? **Options:** A) Confidentiality, integrity, availability B) Firewalls, intrusion detection systems, antivirus software C) Authentication, accountability, audit D) Encryption, checksums, digital signatures",A
710,What is the primary goal of the reconnaissance phase during a penetration test? **Options:** A) To survey the scene and collect information about the target location B) To establish the target as a base of operations C) To gain entry into the site or system D) To perform social engineering and exploit vulnerabilities in the process controls,A
711,What is the role of an assessor in the customized approach to PCI DSS requirements? **Options:** A) Defining the compensating controls B) Independently developing appropriate testing procedures for validating the implemented controls C) Documenting the controls matrix D) Replacing the need for ongoing internal reviews of controls,B
712,Which of the following is a common social engineering tactic used to obtain sensitive information? **Options:** A) Denial-of-service attack B) Malware C) Phishing D) Firewall breach,C
713,Which of the following is an example of security issues that can occur within the system development life cycle? **Options:** A) Lack of senior management support B) Security is not involved in the requirements development C) Network latency D) Vendor interoperability,B
714,"In a Signature-based Intrusion Detection System, what are used to compare monitored traffic against known threat signatures? **Options:** A) Threat patterns B) DNS queries C) Host names D) Port numbers",A
715,What does an intrusion detection system (IDS) identify an attack as if it does not have the attack's signature in its database? **Options:** A) Legitimate activity B) Behavioral attacks C) Phishing attempts D) Malicious activity,A
716,TLS primarily uses which encryption method for message confidentiality? **Options:** A) AES B) RSA C) Blowfish D) IDEA,A
717,What is the main reason electronic locks are gaining market share? **Options:** A) They are considered more aesthetically pleasing. B) They are less expensive than traditional mechanical locks. C) They have been proven to be impenetrable. D) They enable monitoring of people and devices in real-time.,D
718,What is the term used to describe the situation when a security breach occurs due to human error or negligence? **Options:** A) Zero-day exploit B) Insider threat C) Phishing attack D) Unpatched vulnerability,B
719,What does Physical-Layer Identification aim to achieve? **Options:** A) Identifying devices based on their visual appearance B) Classifying devices based on their wireless communication technology C) Fingerprinting the digital circuitry of devices D) Identifying devices by unique characteristics of their analogue circuitry,D
720,"What is one of the most important features of access lists, which provides data flow control based on matching criteria contained in the packet? **Options:** A) Packet forwarding B) Packet filtering C) Packet relaying D) Packet inspection",B
721,A Security Parameter Index (SPI) and the identity of the security protocol (AH or ESP) are the components of: **Options:** A) SSL B) S-HTTP C) SSH-2 D) IPSec,D
722,Which is the preferred approach for handling new Internet services considered to have unacceptable vulnerabilities? **Options:** A) Deny the service until the firewall vendor develops a secure proxy B) Allow the service and monitor for potential vulnerabilities C) Pass the service through the firewall without a security review D) Immediately integrate the service into the firewall configuration,A
723,What is the primary function of OpenVAS in the context of cybersecurity? **Options:** A) To perform vulnerability assessments B) To encrypt network traffic C) To detect malware threats D) To manage network devices,A
724,What is the vulnerability in Unix where a privileged instruction can be attacked halfway through the process by renaming an object on which it acts? **Options:** A) Deadlock B) Race condition C) Time of check to time of use (TOCTTOU) D) Replay attack,C
725,Which framework is presented as a tool for analyzing architectural conditions and operations in business and does not address specific security practices? **Options:** A) Zachman Framework B) Balanced Scorecard C) NIST D) Federal Information Systems Management Act,A
726,What does the acronym 'VPN' stand for in the context of network security? **Options:** A) Virus Protection Network B) Virtual Personal Network C) Very Private Network D) Virtual Private Network,D
727,"What are the key elements of an effective security function? **Options:** A) Password management, obstruction, and retrieval B) Firewall implementation, data encryption, and system patching C) Prevention, detection, containment, and recovery D) Documentation, authorization, and process automation",C
728,What type of secondary memory is a special type managed by the operating system to appear like real memory? **Options:** A) Pagefile B) Cache RAM C) EPROM D) Virtual Memory,D
729,What is the most widely used and effective injection attack globally? **Options:** A) SQL injection B) LDAP injection C) Buffer Overflow D) SOAP injection,A
730,Which level of FIPS 140-2 requires tamper resistance in addition to tamper evidence? **Options:** A) Level 4 B) Level 2 C) Level 1 D) Level 3,D
731,What fundamental principle is emphasized when discussing backups best practices? **Options:** A) Backup data in every month B) Limiting the number of backups to minimize storage cost C) Testing the backup recovery process D) Initializing a backup before each use,C
732,Which of the following enables an attacker to float a domain registration for a maximum of five days? **Options:** A) Kiting B) Domain hijacking C) DNS poisoning D) Spoofing,A
733,"Which of the following is a common point of compromise for attackers to go after? **Options:** A) The organization's web server, susceptible to multiple vulnerabilities B) E-mail protocols C) Social network D) All of the above",A
734,Which access control technique allows the owner of an object to control subject access? **Options:** A) TBAC B) MAC C) RBAC D) DAC,D
735,What does SQL stand for in the context of database management? **Options:** A) Systematic Query Listings B) System Qualification Language C) Secure Query Link D) Structured Query Language,D
736,What is the primary purpose of the Gramm–Leach–Bliley Act (GLBA)? **Options:** A) To establish trade secret protection B) To prevent unethical activities C) To promote competitors' intelligence D) To provide data protection measures for financial service organizations,D
737,What is the primary purpose of designating an individual responsible for compliance assurance oversight? **Options:** A) To ensure that the security compliance assurance activities are performed. B) To avoid interaction with other business units. C) To disregard the changes in supporting technical specifications and areas of concern. D) To eliminate the need for a security management governing body.,A
738,"What is the purpose of URL tracking on a website? **Options:** A) To track when, how often, and who is viewing the website B) To track the amount of content viewed by the user C) To identify the location of the user D) To determine the type of browser used by the user",A
739,"What is the aim of cryptographers in complicating the lives of block cipher designers, based on the given content? **Options:** A) To prevent linear and differential cryptanalysis completely. B) To diminish the effectiveness of chosen plaintext attacks. C) To ensure the complete elimination of known attacks such as brute force and dictionary attacks. D) To make it harder to recover the entire key after a successful linear or differential attack.",D
740,"What is a potential security risk concerning Wi-Fi networks and mobile devices? **Options:** A) Wi-Fi networks are not compatible with mobile devices and may cause connectivity issues. B) Wi-Fi networks may not provide signal strength information to mobile devices. C) Wi-Fi networks are not encrypted, exposing mobile devices to security threats. D) Wi-Fi networks may not have network access control to restrict device connections.",D
741,What security concern arises from the reuse of physical hardware in cloud environments? **Options:** A) Availability of virtual machines B) Data confidentiality C) Hardware integrity D) Integrity of data,B
742,"What is the purpose of legislative history in some legal systems? **Options:** A) To create a set of guidelines for interpreting legislation B) To replace the existing legislation C) To serve as a binding authority in legal cases D) To provide the intent, purpose, and scope of the law",D
743,"What kind of behavior would most likely indicate a host is infected with Storm-Worm, according to the Network for Education and Research in Oregon? **Options:** A) Connection to a Storm-Worm C&C network B) One-way or two-way traffic C) Presence of Internet Control Messaging Protocol errors D) Lack of FINS",A
744,What is the main purpose of a virtual private network (VPN)? **Options:** A) To restrict network access to authorized users B) To create a secure and encrypted connection over a public network C) To block all incoming network traffic D) To monitor network traffic for security threats,B
745,"What is the primary advantage of capabilities in managing access control compared to access control lists (ACLs)? **Options:** A) Capabilities provide more efficient runtime security checking and capabilities are easier to delegate B) Capabilities allow for easier tracking of user access permissions C) There is no difference between capabilities and ACLs, and their strengths and weaknesses are essentially the same D) Capabilities simplify the management of large access control lists",A
746,What is the main purpose of a firewall's default catch-all rule at the end of a policy? **Options:** A) To deny all packets B) To allow all packets C) To log all packets D) To prevent rule shadowing,A
747,Why is it important to cease any action on a computer immediately after realizing that a file has been deleted? **Options:** A) To prevent overwriting or further damaging the deleted file. B) To ensure the file is completely deleted from the computer. C) To avoid losing the file permanently. D) To recover the file from the recycle bin.,A
748,What form of social engineering attack involves setting up a scenario to get the target to call you with the information needed? **Options:** A) Inside-outside communication B) Reverse social engineering C) Backstopping D) Forward social engineering,B
749,"What is a characteristic of a security program at maturity level 4? **Options:** A) Tactical response is mostly under control, allowing the security manager to focus more on strategic efforts B) Senior business management evinces full support for security objectives and includes information risk in the business's overall risk management planning C) No outside assessments of the organization's security posture are performed D) Compliance is monitored in some areas but not in others, resulting in increased risk",B
750,"What is the role of the 64-bit value Wt used in each of the 80 rounds in SHA-512? **Options:** A) It represents the output of the final hash value after processing all message blocks. B) A 64-bit value derived from the current 1024-bit block being processed, using a message schedule. C) It signifies a constant value that remains the same across all rounds and all message blocks. D) It is used exclusively for padding the message blocks to ensure they are 1024 bits in length",B
751,What is known as a behavioral or physiological characteristic unique to a subject and used to establish identity or provide authentication? **Options:** A) Dynamic passwords B) Declassification C) Digest access control D) Biometric factor,D
752,Snort is an open-source Intrusion Detection System (IDS) consisting of four components. Which component is responsible for detecting anomalous network traffic? **Options:** A) Preprocessor B) Alerts C) Sniffer D) Detection Engine,A
753,What is the primary advantage of using a public key cryptosystem over a secret key cryptosystem? **Options:** A) It eliminates the need for secure key exchange. B) It provides faster encryption and decryption. C) It ensures higher complexity in the encryption process. D) It offers greater resistance to brute force attacks.,A
754,Which element of risk management capability ensures effective coordination between risk management-related groups? **Options:** A) Culture B) Knowledge Management C) Risk Functions D) Training,C
755,What is the primary purpose of iDisk in an Apple environment? **Options:** A) To allow employees to store and access their files from anywhere using a Web browser B) To facilitate the transfer of files within the company's internal network C) To provide centralized storage for employee's personal documents D) To back up important files on the employee's personal computer,A
756,How many permutations were implemented in the VOW-stepper in the PURPLE machine? **Options:** A) 20 B) 25 C) 30 D) 6,B
757,What is a potential use of egress filtering mentioned in the text? **Options:** A) Monitoring and controlling software 'phoning home' B) Ensuring that bad things do not enter a network C) Preventing mail with classified content from leaving a network D) Detecting and stopping service denial attacks,A
758,What potential vulnerability may arise when using containers in cloud-native design? **Options:** A) Exposing additional HTTP methods to trigger serverless functions. B) Reduced flexibility and scalability of cloud-based services. C) Inadvertent exposure of ports and shell access to the container image. D) Increased reliance on centralized authentication mechanisms.,C
759,What is the primary reason for watermarking an image using invisible watermarking? **Options:** A) To reduce the file size of the image. B) To make the image more aesthetically pleasing. C) To apply a pattern that is invisible to the human eye but detectable by computer programs for authentication and ownership verification. D) To enhance the visual details of the image.,C
760,What security measure can prevent data alteration and theft even if an unauthorized remote user gains access to a computer system? **Options:** A) Biometrics B) Physical Devices C) Encryption D) Dynamic Access Control,C
761,Which of the following provides the highest security when it comes to memory? **Options:** A) Hardware segmentation B) Protection rings C) Memory mapping D) Virtual machines,A
762,What is the purpose of the message authentication code (MAC) in IPsec? **Options:** A) To prevent replay attacks B) To provide confidentiality for data C) To facilitate peer authentication D) To ensure data integrity,D
763,Which encryption algorithm is commonly used in secure Wi-Fi communication? **Options:** A) WEP (Wired Equivalent Privacy) B) AES (Advanced Encryption Standard) C) DES (Data Encryption Standard) D) 3DES (Triple DES),B
764,"Which type of evaluation was developed by the NSA to assess an organization's security posture and combines a subset of the SSE-CMM with a specialized criticality matrix? **Options:** A) NIACAP (National Information Assurance Certification and Accreditation Process) B) Infosec Assessment Methodology (IAM) C) DITSCAP (DoD Information Technology Security Certification and Accreditation Process) D) OCTAVE (Operationally Critical Threat, Asset, and Vulnerability Evaluation)",B
765,"What is the main objective of DLP (Data Loss Protection) applications? **Options:** A) To identify anything that leaves the organization that could harm the organization. B) To conduct a thorough risk analysis on an organization's current processes. C) To allow the 'bad guys' out while letting normal, efficient business processes occur. D) To prevent employees from job hunting or posting resumes while working.",A
766,What is the purpose of a File Integrity-Checking Mechanism (FIM)? **Options:** A) To check for trojan horses and unauthorized file modifications B) To detect intrusions through protocol anomaly detection C) To monitor log files created by network services D) To analyze application information for packet transmissions,A
767,Which tool would you use if you want to view the contents of a packet? **Options:** A) Loopback adapter B) TDR C) Protocol analyzer D) Port scanner,C
768,When was the first message sent on the Internet? **Options:** A) 1982 B) 1975 C) 1990 D) 1969,D
769,Why should an information security program provide meaningful performance data? **Options:** A) To increase the speed of vulnerability assessments B) To prepare for regulatory audits C) To enhance network throughput D) To justify the allocation of resources,D
770,What is the degree to which the information system has safeguards in place to protect it from risk known as? **Options:** A) Vulnerability management B) Security posture C) Integrated risk management D) Resilience,B
771,Which process is used to come up with a believable story to use in a social engineering attack? **Options:** A) Pharming B) Phishing C) Pretexting D) Vishing,C
772,Which of the following is a primary function of DNS in networking? **Options:** A) Monitoring network traffic B) Analyzing web server logs C) Translating names to IP addresses and vice versa D) Creating secure network connections,C
773,What is the main role of a router in a network? (Choose the most suitable option) **Options:** A) To route data from one location to another on Internet B) To change an IP address in transit C) To connect two or more networks to form an internetwork D) To provide voice communication for users,C
774,What is the primary purpose of using a debugger in malware analysis? **Options:** A) To execute and observe malware behavior in real-time. B) To analyze malware source code for vulnerabilities. C) To manipulate malicious code for forensic analysis. D) To dynamically analyze malware without executing it.,A
775,"What security method, mechanism, or model reveals a capabilities list of a subject across multiple objects? **Options:** A) Biba B) Access control matrix C) Separation of duties D) Clark–Wilson",B
776,What is the main activity of configuration management? **Options:** A) Status accounting B) Configuration control C) Identifying configuration structures and items within the scope of IT infrastructure D) Planning,C
777,Which authentication technology is used to connect hosts to a LAN or WLAN and defines the EAP? **Options:** A) Kerberos B) 802.1X C) RADIUS D) LDAP,B
778,How can Windows workstations protect against session hijacking and replay? **Options:** A) By using strong encryption for all network traffic B) By not providing sensitive information in a public forum C) By limiting unnecessary applications on the workstation D) By installing a personal firewall,A
779,"Which of the following is a cloud service that provides various software solutions to organizations, especially the ability to develop applications in a virtual environment without the cost or administration of a physical platform? **Options:** A) Software as a Service (SaaS) B) Infrastructure as a Service (IaaS) C) Platform as a Service (PaaS) D) Security as a Service (SECaaS)",C
780,How might a publisher benefit financially by framing a competitor for click fraud? **Options:** A) Improve their reputation B) Harm the competitor C) Increase their ad revenue D) Avoid detection by ad networks,C
781,What is the implication of finding a fragment of ciphertext that matches the pattern of a known plaintext in cryptanalysis of RED cipher machines? **Options:** A) It reveals the number of active pins in the breakwheel B) It identifies the number of inactive breakwheel pins C) It indicates successful performance evaluation of the machine D) It aids in the derivation of letter substitutions for plaintext characters,D
782,Which type of P2P protocol is mainly used for data dissemination applications and does not use a structured addressing scheme? **Options:** A) Unstructured P2P B) Hybrid P2P C) Hierarchical P2P D) Structured P2P,A
783,"Which type of site is an alternate processing facility with most supporting peripheral equipment, but without the principal computing platforms? **Options:** A) Warm site B) Hot site C) Mutual aid agreement D) Cold site",A
784,Why is it challenging to predict security incidents in dynamic computing environments? **Options:** A) Trends in computing change rapidly and historical data is limited. B) It is impossible to collect data on security incidents. C) Criminal attacks are difficult to anticipate due to their contrarian nature. D) Avoidance strategies cannot be accurately implemented.,A
785,What does CCTV stand for? **Options:** A) Controlled-Channel Television B) Closed-Circuit Television C) Centralized Camera Technology D) Covert Control Transmission,B
786,What is a common method to authenticate remote users in a network environment? **Options:** A) SMTP (Simple Mail Transfer Protocol) B) VPN (Virtual Private Network) C) WEP (Wired Equivalency Protocol) D) Token Ring,B
787,What is the primary purpose of a VPN protocol? **Options:** A) To establish communication sessions between trusted partners B) To transmit data over asynchronous serial connections C) To provide authentication and access control for remote users D) To establish secured tunnels for communications across an untrusted network,D
788,What is the purpose of ARP spoofing in cybersecurity? **Options:** A) To protect against malware attacks B) To encrypt and decrypt network traffic C) To mitigate DDoS attacks D) To intercept and manipulate network traffic on a local network,D
789,Which of the following functions ensures that users have access only to appropriate resources based on the security policy of the enterprise? **Options:** A) Authentication B) Non-repudiation C) Access Control D) Privacy,C
790,What principle of cybersecurity is exemplified by the use of dual control in bank ATM security systems? **Options:** A) Least privilege B) Separation of duties C) Defense in depth D) Security through obscurity,B
791,Which programming language system type generally two different processes are involved before a program is ready for execution? **Options:** A) Compiled languages B) High-level languages C) Interpreted languages D) Hybrid systems,A
792,What should a well-constructed job description address? **Options:** A) The office layout and furniture B) The required security classification for the position C) The personal details of the employee D) The employee's training needs,B
793,What is an anomaly that occurs when a rule in the firewall policy matches every packet that another lower rule also matches? **Options:** A) Half shadowing B) Rule masking C) Rule duplication D) Shadowing,D
794,What is the significance of implementing multi-factor authentication (MFA) in cybersecurity? **Options:** A) Improves system speed and performance B) Reduces the need for regular password changes C) Enhances the complexity of password requirements D) Adds an extra layer of security beyond just a username and password,D
795,"Fred, an administrator, has been working within an organization for over 10 years. He previously maintained database servers while working in a different division. He now works in the programming department but still retains privileges on the database servers. He recently modified a setting on a database server so that a script he wrote will run. Unfortunately, his change disabled the server for several hours before database administrators discovered the change and reversed it. Which of the following could have prevented this outage? **Options:** A) Logging B) Account access review C) Multifactor authentication D) A policy requiring strong authentication",B
796,What should individuals do when they receive suspicious emails in the context of cybersecurity best practices? **Options:** A) Reply to the email asking for more information B) Forward the email to other colleagues to spread awareness C) Click on any links or download any attachments in the email D) Delete the email and not engage with the content,D
797,How does a SYN flood attack impact a target computer? **Options:** A) It exposes the computer's IP address to the attacker B) It induces a buffer overflow and a denial-of-service situation C) It leads to the encryption of all data on the computer D) It causes the system to reboot repeatedly,B
798,"Which cryptographic algorithm is commonly used for secure communication over the Internet, providing encryption and authentication? **Options:** A) MIPS (Million Instructions Per Second) B) IDEA (International Data Encryption Algorithm) C) RSA (Rivest, Shamir, and Adleman) D) RC5 (Rivest Cipher 5)",C
799,"What does BS 25999-1:2006 cover? **Options:** A) Process, principles, and terminology for business continuity management. B) A framework for IT security assurance. C) Best practices for implementing security measures. D) Guidelines for initiating and maintaining information security in an organization.",A
800,What is the primary distinguishing feature between a cryptographic hash function used for message authentication and a hash function used for digital signatures? **Options:** A) The type of encryption used with the hash function B) The purpose and context in which the hash value is used C) The length of the hash value D) The method of accessing the hash function,B
801,"In CIDR notation, how are network blocks designated? **Options:** A) Indicating a subnet mask B) Using a number of prefix bits C) Setting the host bit to 0 D) Using an octet decimal value",B
802,What is the importance of a change-detection mechanism in protecting e-commerce payment pages? **Options:** A) To protect against automation attacks on the payment-processing server. B) To detect and respond to unauthorized changes or tampering with the payment pages as seen by the consumer's browser. C) To monitor customer interactions with the payment pages. D) To control the access privileges for payment page administrators.,B
803,What is the primary goal of the disaster recovery plan during a business disruption? **Options:** A) To negotiate individual agreements with employees B) To avoid commercial advertising about the disaster C) To prioritize communication and collaboration D) To resume operations with as little operational impact on critical systems as possible,D
804,Which of the following is an essential part of proper media control? **Options:** A) The proper environmental storage of the media B) Accurately and promptly marking all data storage media C) Assuring the accuracy of the backup data D) All of the above,D
805,What is a fundamental best practice to ensure cybersecurity resilience in case of system compromise or failure? **Options:** A) Network segmentation B) Antivirus scanning C) Intrusion Detection System D) Regular data backups,D
806,What is the purpose of a risk assessment in Information Risk Management? **Options:** A) To fund and establish an IRM team B) To establish a common format for corporate policies and documents C) To determine the current status of information security in the target environment and ensure associated risk is managed D) To develop high-level IRM policy statements and objectives,C
807,In which business continuity planning task would you design procedures and mechanisms to mitigate unacceptable risks? **Options:** A) Business impact analysis B) Strategy development C) Resource prioritization D) Provisions and processes,D
808,In which layer of security should an organization control access to the network and the PeopleSoft applications and reports? **Options:** A) Database security B) Network security C) Operating system security D) Application security,B
809,What is the purpose of a network front end? **Options:** A) Monitoring network traffic and utilization B) Controlling the evolution of a network C) Enabling computers to access each other's files D) Implementing network protocols for attachment to a network,D
810,Which transformation in AES involves shifting each row to the left? **Options:** A) ShiftRows B) AddRoundKey C) MixColumns D) SubBytes,A
811,What is the primary purpose of a message authentication code (MAC) in cryptography? **Options:** A) Data Protection B) Message Encryption C) Ensuring Message Integrity D) Preventing Unauthorized Access,C
812,When should information about an incident be communicated to the public? **Options:** A) When the incident affects customer systems or data B) When a vulnerability that affects many people is discovered C) When it is necessary to convey information about new threats D) All the above options could be viable depending on the specifics of the incident,D
813,How many keys exist in a public/private key pair? **Options:** A) 2 B) 1 C) 3 D) 4,A
814,What is the purpose of the functionality requirement related to identification and authentication in the MSR document? **Options:** A) To support encryption of authentication data transmitted over networks B) To outline the security features and assurances provided by the system C) To specify how user identification and authentication should be managed D) To define the environmental assumptions for system security,C
815,What is the primary function of a sniffer in cybersecurity? **Options:** A) To log and intercept network traffic B) To restrict access to sensitive network resources C) To remove malware from the network D) To filter out spam emails,A
816,Which programming language is meant to be interpreted at runtime and has a C-inspired syntax? **Options:** A) Java B) JavaScript C) C++ D) Python,B
817,"What is the tool used to enumerate users, themes, and plugins in a WordPress installation? **Options:** A) wpscan B) dirb C) nmap D) metasploit",A
818,What mode has to be enabled on a network interface to allow all headers in wireless traffic to be captured? **Options:** A) Monitor B) Radio C) Wireless LAN D) Promiscuous,A
819,What is used to decrease the number of false alarms in a cryptanalytic TMTO attack? (Select the most appropriate option) **Options:** A) The use of separate functions for different chains B) The use of permutations as random functions C) Decreasing the number of cycling and merging chains D) Randomly selected starting points for encryption chains,C
820,"In the context of symmetric keys, which method is used for combining multiple keys and other data, as per NIST SP 800-133 REV. 2? **Options:** A) All provided answers B) Concatenating two or more keys C) A key-extraction process D) Exclusive-ORing one or more keys and other data",A
821,"Which technique uses an algorithm to determine whether a file is performing unauthorized activities, such as writing to the system registry or activating its own built-in email program? **Options:** A) File Integrity Checkers B) Heuristic scanning C) Worm Detection D) Sandboxing",B
822,Which of the following best describes a blue team? **Options:** A) Security team members defending a network B) Security team members with full knowledge of the internal network C) Security team members attacking a network D) A performance group at Universal Studios in Orlando,A
823,Which of the following best describes a relation in a relational database? **Options:** A) A relation represents a collection of tuples with unique values. B) A relation represents a collection of attributes with unique values. C) A relation represents a collection of attributes with distinct values. D) A relation represents a strict mapping from A to B.,A
824,What is the main advantage of emulated systems in active malicious code analysis? **Options:** A) They are undetectable by malicious code B) Execute malicious code quicker than standard OSes by only simulating the OS convincingly without fully supporting each API C) They provide direct access to the network packets for real-time monitoring D) They physically sit in the path of the network traffic and can block malicious activity,B
825,Which network topology are you most likely to run across in a large enterprise network? **Options:** A) Ring topology B) Star‐bus hybrid C) Bus topology D) Full mesh,B
826,What SMTP command would you use to get the list of users in a mailing list? **Options:** A) EXPD B) EXPN C) VRML D) VRFY,B
827,What Bluetooth attack involves gaining access to sensitive data on a victim's Bluetooth-enabled device without requiring the pairing process? **Options:** A) Bluetooth eavesdropping B) Bluejacking C) Bluesnarfing D) Bluebugging,C
828,What does the DNS resource record type AAAA represent in the DNS database? **Options:** A) IPv6 address mapping B) Canonical domain name C) Domain verification record D) IPv4 address mapping,A
829,Why are shared secrets and key agreement protocols important in cybersecurity? **Options:** A) To secure mobile devices B) For encryption and decryption of data C) To prevent phishing attacks D) For preventing DDoS attacks,B
830,Which security practice focuses on limiting the scope of an individual's access to the bare minimum necessary to perform their job functions? **Options:** A) Need to Know B) Constrained Delegation C) Least Privilege D) Principle of Least Authority,C
831,How can an organization ensure secure traffic between mobile devices and the organization's network? **Options:** A) By using only company-issued mobile devices for network access B) By using SSL or IPsec VPN tunnel for traffic encryption C) By enforcing two-layer authentication exclusively D) By implementing restrictions on third-party applications and cloud-based storage,B
832,What does SQL stand for? **Options:** A) Secondary Query Language B) Sequential Query Logic C) Structured Query Language D) Systematic Query Logic,C
833,What is the main purpose of machine learning applied to cybersecurity? **Options:** A) To automate the process of recording information logs. B) To automate incident response and execute predefined actions. C) To create a baseline of normal activities and traffic on a network. D) To replace human analysts in cybersecurity operations.,C
834,"What is an essential aspect of physical security in an organization? **Options:** A) Asset inventory management B) Biometric authentication C) Security awareness training D) A, B, and C each serve distinct functions, yet all three can be essential components of a comprehensive physical security strategy",D
835,Which configuration file is used for specifying DNS spoofing mappings in Ettercap? **Options:** A) /etc/dns-spoof.conf B) /etc/ettercap/etter.dns C) /etc/resolv.conf D) /etc/hosts,B
836,"In the vertical organization archetype, which characteristic defines that continuation of membership is dependent upon compliance and loyalty to leaders? **Options:** A) Ideal leader B) Membership from familial system C) Leadership as inspiration D) Compliance and loyalty to leaders",D
837,Which type of firewall analyzes each packet individually in relation to the state of the connection? **Options:** A) UDPFirewall B) Proxy Firewall C) Packet-Filtering Firewall D) Stateful Inspection Firewall,D
838,How can a sandbox be described in the context of cybersecurity? **Options:** A) It isolates and executes potentially malicious software for analysis. B) It is a place for secure data storage. C) It performs routine maintenance tasks on a system. D) It monitors network traffic for any suspicious activity.,A
839,What is the purpose of network segmentation in a security control? **Options:** A) Increase network performance B) Create more barriers for hackers C) Group portions of the network into segments for which rules can be defined and access controlled D) Prevent all network communication,C
840,What is the primary goal of creating infrastructure flexibility in the context of security management and resilience? **Options:** A) To recover from supply disruption and adapt to demand fluctuations. B) To outsource key functions to flexible service providers. C) To reduce costs of redundancy in business operations. D) To focus solely on preventing the next attack.,A
841,What is the role of the U.S. Department of Justice (DOJ) Computer Crime and Intellectual Property Section (CCIPS) in criminal investigations? **Options:** A) To provide expert help in the conduct of suspect interrogations B) To issue guidelines for searching and seizing computers in connection with criminal investigations C) To institute protection measures against computer crimes within organizations D) To conduct investigations of computer crimes in corporate environments,B
842,What does the term 'vulnerability' refer to in the context of cybersecurity? **Options:** A) A measure of the effectiveness of security controls implemented in an organization B) A weakness in a system or its controls that could be exploited by a threat C) An incident response plan to mitigate the impact of a security breach D) The process of identifying security gaps in a system through testing,B
843,"What type of attack spreads from system to system under its own power, potentially consuming massive amounts of resources? **Options:** A) Logic bomb attack B) Rootkit attack C) Worm attack D) Trojan horse attack",C
844,What is the role of HR in a support team of a CIRT? **Options:** A) Assisting in data and system recovery after an incident B) Handling legal matters related to incidents C) Managing technical aspects of an incident D) Assisting in the collection of relevant information and discussion with the employee's manager,D
845,What is the main advantage of using Cipher-Block Chaining (CBC) in encryption? **Options:** A) It enables the use of a variable block size in encryption. B) It allows for more efficient resource utilization during encryption. C) It helps in linking the previous block's ciphertext with the next block's plaintext for encryption. D) It provides greater resistance against statistical analysis of the ciphertext.,C
846,"What type of data acquisition involves obtaining data directly from hardware media, without the mediation of any third-party software? **Options:** A) Block-level acquisition B) Pseudo-physical data acquisition C) Logical data acquisition D) Physical data acquisition",D
847,What is the main source of information about events on a computer system or network provided by intrusion detection systems (IDSs)? **Options:** A) Firewall logs B) System logs C) Operating systems logs D) Intrusion detection systems (IDSs),D
848,Which term describes the absence or weakness of a safeguard or countermeasure? **Options:** A) Threat B) Vulnerability C) Risk D) Asset,B
849,What is the primary role of vulnerability tracking processes focusing on maximizing performance? **Options:** A) Minimizing error rate B) Reducing system downtime C) Decreasing time to resolution D) Improving operational effectiveness,C
850,"What type of communication applies to a command and control server in a botnet, providing management and control of bots? **Options:** A) IRC or HTTP B) FTP or SMTP C) SSH or Telnet D) RDP or UDP",A
851,"Which Linux command enables the owner to assign security rights to the user, group, and others for any resource? **Options:** A) secure B) chmod C) chgrp D) chown",B
852,"What is the fundamental purpose of logging and monitoring in an organization's security measures? **Options:** A) To track, record, and review activity to detect and respond to security incidents B) To store backups of critical data C) To manage and enforce user access controls D) To create a record of all employee activities",A
853,What does Kerckhoff's principle state about encryption algorithms? **Options:** A) All encryption algorithms should be kept secret. B) Encryption algorithms are irrelevant for security. C) Encryption algorithms should be publicly known. D) Encryption algorithms should be limited to government use only.,C
854,Which of the following processes comes at the end of the system development life cycle? **Options:** A) Development B) Certification C) Logical configuration D) Accreditation,D
855,What is the primary significance of the concept of discrete logarithms in public-key cryptography? **Options:** A) It enables secure and efficient key exchange and digital signature algorithms B) It allows for efficient generation of prime numbers for generating cryptographic keys C) It forms the basis for secure encryption and decryption processes D) It ensures that the cryptographic keys are calculated modulo a prime number,A
856,Which of the following best describes social engineering in the context of cybersecurity? **Options:** A) A technique for encrypting sensitive data B) A type of attack that targets vulnerabilities in computer networks C) A strategy for securing physical premises D) The manipulation of individuals to divulge confidential information,D
857,What legal standard of proof is most commonly used in civil cases? **Options:** A) Preponderance of evidence. B) Probable cause. C) Clear convincing evidence. D) Beyond a reasonable doubt.,A
858,What is the main purpose of a military and intelligence attack on a computer system? **Options:** A) To compromise the security of an organization for personal motives B) To extract secret information for military or intelligence purposes C) To disrupt normal life and cause public panic D) To obtain financial gains by stealing money or valuable information,B
859,What is a primary reason for the chronic tendency of overclassification in multilevel secure systems? **Options:** A) Automatic upgrade of new files to the highest label B) Inadequate implementation of mandatory access controls C) Inconvenience in dealing with 'blind write-up' D) Frequent challenges in managing information flow controls,A
860,Which organisation developed the first globally-applicable security standard for consumer IoT? **Options:** A) ETSI B) IEEE C) NIST D) IETF,A
861,What cryptographic principle does the Elliptic Curve Integrated Encryption Scheme (ECIES) use? **Options:** A) SHA-256 hashing B) MD5 hashing C) Diffie-Hellman key exchange D) AES encryption,C
862,"In the context of accountability, what is the term used for the process that supports non-repudiation, deterrence, fault isolation, intrusion detection and prevention, and after-action recovery and legal action? **Options:** A) Privacy B) Membership service C) Audit D) Logging",C
863,What is the purpose of DNS Security Extensions (DNSSEC)? **Options:** A) To provide end-to-end protection through the use of digital signatures. B) To protect DNS clients from accepting forged or altered DNS resource records. C) To prevent unauthorized access to SMTP servers. D) To authenticate TLS client and server entities without a certificate authority.,B
864,What is the purpose of the Public Key Infrastructure (PKI) in the context of network security? **Options:** A) To manage trust in public key certificates and enable secure communication over insecure networks. B) To provide a standard application layer protocol for secure email transmission. C) To facilitate secure time synchronization between network devices. D) To authenticate the correspondents in a Transport Layer Security (TLS) handshake.,A
865,What is one of the potential risks associated with using a passive optical splitter for fiber-optic networks? **Options:** A) Rogue Access Points B) Interference from microwaves and cell towers C) Weak Passwords D) Chromatic Dispersion,D
866,Which of the following refers to a situation where an employee intentionally or unintentionally causes a data breach? **Options:** A) Spyware B) Insider threat C) Phishing D) Denial of Service,B
867,Why is it important to have long periods without repetition in the sequence of keystreams generated by a stream cipher? **Options:** A) To maximize functional complexity B) To avoid repeating the keystream C) To minimize statistical unpredictability D) To ensure high computational complexity,B
868,What is the purpose of a Business Impact Assessment (BIA) in the BCP process? **Options:** A) It estimates the Maximum Tolerable Downtime (MTD) B) It defines the critical support areas of a business C) It assesses the impact of a disruptive event on the business D) It identifies all possible natural and man-made disasters,C
869,What is a key-derivation function (KDF) used in conjunction with? **Options:** A) Decrypting data B) Transforming secret input values into cryptographic keys C) Encrypting data D) Digital signatures,B
870,Which best describes a confined or constrained process? **Options:** A) A process that can run only for a limited time B) A process that controls access to an object C) A process that can access only certain memory locations D) A process that can run only during certain times of the day,C
871,What does the 'Basic Constraints' extension in the X.509 certificate format indicate? **Options:** A) Identify the Certificate Authority (CA) that created and signed the certificate B) Indicate the algorithm used to sign the certificate C) If the subject may act as a Certification Authority (CA) and the maximum path length of a certification path D) Identify the public key being certified,C
872,What method should be used to ensure account data is securely deleted or rendered unrecoverable upon completion of the authorization process? **Options:** A) Rely on automated system processes for data deletion. B) Implement a dedicated secure deletion function or application. C) Use the system's general deletion function. D) Archive the data for future reference.,B
873,What is the purpose of minimizing the storage of sensitive authentication data (SAD) after authorization? **Options:** A) To ensure backup copies are available for quick recovery. B) To reduce the potential for unauthorized access and misuse of the data. C) To avoid the need for regular data protection verifications. D) To comply with industry best practices without actual risk reduction.,B
874,Which wireless network technology requires a fixed infrastructure to enable communication? **Options:** A) Wireless sensor networks B) CDMA C) GSM D) 802.11,C
875,What type of testing is carried out by examining the code without executing the program? **Options:** A) Dynamic Analysis B) Static Code Analysis C) Black-Box Testing D) Fuzz Testing,B
876,What kind of incidents have strengthened support for the implementation of information security best practices? **Options:** A) Incidents not initially detected by companies B) Incidents that have gone through the legal system and had laws upheld C) Cases with small percentage of case law D) Incidents handled outside the legal system,B
877,"In the discretionary portion of the Bell-LaPadula model that is based on the access matrix, how the access rights are defined and evaluated is called: **Options:** A) Identification B) Validation C) Authentication D) Authorization",D
878,What is the purpose of testing object events in object-based applications? **Options:** A) To regulate the flow of data between objects B) To determine the response of the object to user interactions C) To identify defects in the application's architecture D) To standardize the appearance of the object across all user interfaces,B
879,Which type of malicious detection software would detect a polymorphic virus by comparing the function of the application rather than comparing it to a known signature? **Options:** A) Heuristic scanner B) Host-based intrusion detection C) Network-based intrusion detection D) Gateway anti-virus scanner,A
880,What is the objective of data mining in the context of a data warehouse? **Options:** A) To create a repository of information from heterogeneous databases B) To support the querying of information without writing specific programs C) To discover unknown relationships among the data D) To normalize data and removing redundant data,C
881,What is the purpose of using a static-dissipative grounding kit when working inside a computer during forensic analysis? **Options:** A) To protect the system and disk drives from static electricity B) To prevent loss of information due to power cutoff C) To avoid triggering a Trojan horse or Logic Bomb D) To review communications programs,A
882,"What is the primary difference between circuit switching and packet switching? **Options:** A) Circuit switching is connection-oriented, while packet switching is connectionless. B) Circuit switching uses fixed known delays, while packet switching uses variable delays. C) Circuit switching is used primarily for voice, while packet switching is used for any type of traffic. D) Circuit switching is sensitive to data loss, while packet switching is sensitive to connection loss.",A
883,Which type of security appliance uses heuristic analysis based on a regularly updated signature engine to find and block patterns of malware from entering the intranet? **Options:** A) VPN concentrator B) IPS C) Firewall D) RADIUS server,B
884,"What is the purpose of the CVE-compatible tool or service? **Options:** A) To provide its own native label for a vulnerability, without using CVE names B) To exclude vulnerabilities not present in the CVE List C) To understand CVE names for vulnerabilities and allow the user to interact with them D) To use only CVE names for vulnerabilities",C
885,Which of the following is true for a host-based IDS? **Options:** A) It monitors an entire network. B) It’s invisible to attackers and authorized users. C) It’s ineffective on switched networks. D) It monitors a single system.,D
886,What is the basic idea of pattern matching intrusion detection systems? **Options:** A) Leverage the ability of a neural network to recognize variations of known patterns of attacks. B) To define attack signatures and monitor system activity for the presence of these signatures. C) Match inputs to a known pattern learned through previous experiences. D) Model acceptable system activity and identify behavior that does not fit that model.,B
887,Which term describes the practice of tricking individuals into divulging confidential information or login credentials? **Options:** A) Phishing B) Spyware C) Biometric authentication D) Data encryption,A
888,What is the primary objective of penetration testing in cybersecurity? **Options:** A) To exploit vulnerabilities for malicious purposes B) To create new security policies C) To assess the security controls and defenses D) To encrypt sensitive data,C
889,Which attack allows an attacker to send unsolicited messages to and from mobile devices? **Options:** A) Bluesmacking B) Bluejacking C) BlueSnarfing D) Bluesniffing,B
890,What is an advantage of the Access Control Matrix approach in the context of authorization? **Options:** A) It allows for fine-grained access control and delegation of privileges. B) It ensures efficient access control without the need for authentication. C) It minimizes the number of necessary user clearances. D) It provides simple and easy-to-implement access control rules.,A
891,Which type of malware is intended for amusement and may result in a denial of service if people find the prank message frightening? **Options:** A) Trojan B) Virus C) Easter egg D) Prank,D
892,What does SSID stand for in the context of wireless networking security? **Options:** A) Service Set Identifier B) System Service Identifier C) System Secure Identifier D) Secure Signal Identifier,A
893,What is the purpose of a penetration test? **Options:** A) To sabotage a company's operations. B) To determine the effectiveness of the security controls of an organization. C) To identify potential markets for security products. D) To gather sensitive information about a company's employees.,B
894,Which of the following wireless technologies uses the 2.4 GHz frequency range? **Options:** A) IrDA B) Bluetooth C) 802.11b D) Both B and C,D
895,What is a crucial role of the internal auditors in the context of cybersecurity? **Options:** A) Developing security policies and guidelines for the organization. B) Performing penetration tests and vulnerability analyses. C) Responding to and recovering from disruptive incidents. D) Providing an independent review of controls and compliance.,D
896,What is the primary purpose of Java's sandbox for applets? **Options:** A) To provide an isolated environment for safe execution B) To encrypt applet code to prevent unauthorized access C) To scan applets for malicious behavior D) To provide access to system resources for applets,A
897,What does QoS stand for? **Options:** A) Quality of Service B) Query of Support C) Quantum of Security D) Quick Online Service,A
898,What is the best example of 'least privilege'? **Options:** A) The operators' duties are frequently rotated B) An operator does not have more system rights than the minimum required to do the job C) An operator cannot generate and verify transactions alone D) An operator does not know more about the system than the minimum required to do the job,B
899,What is a common defense mechanism against cross-site scripting attacks? **Options:** A) Behavior-based detection B) Firewall configuration C) Input validation D) File integrity monitoring,C
900,What is the purpose of policy reordering to improve firewall performance? **Options:** A) To prioritize more popular rules B) To randomly rearrange the rules C) To add new rules to the policy D) To reduce the number of rules,A
901,In which layer of the OSI model does the ICMP protocol operate? **Options:** A) Network layer B) Transport layer C) Session layer D) Application layer,A
902,"What does the 'https://' at the beginning of a URL signify? **Options:** A) The website is not secure B) The website is using a secure, encrypted connection C) The website is a government website D) The website is fake",B
903,Which type of malware was disseminated by an e-mail message sent from hahaha@sexyfun.net around late September 2000? **Options:** A) Trojan B) Worm C) Virus D) Spyware,B
904,Which organization develops and publishes best practice standards on information security? **Options:** A) International Organization for Standardization (ISO) B) National Institute of Standards and Technology (NIST) C) International Electrotechnical Commission (IEC) D) Each organization mentioned is responsible for issuing best practice guidelines on information security,D
905,How is the owner of a data set often identified? **Options:** A) By line managers B) By the business function manager C) By the author or creator of the data object D) By the enterprise in general,C
906,What is a characteristic of linearly independent vectors? **Options:** A) They have zero elements. B) They are not present in Rn. C) They cannot be written as a linear combination of the other vectors. D) They have a common factor other than 1.,C
907,Which characteristic is essential to ensuring the correctness of safety-critical systems in CPSs? **Options:** A) Wireless communications B) Network Protocols C) Feedback control systems D) Real-time programming languages,C
908,What is the concept that allows individuals to select who can access their personal and private information online? **Options:** A) Network security architecture B) Data protection policies C) Cybersecurity governance D) Information privacy,D
909,Which protocol is commonly used by a Circuit-level Gateway (CG) to make TCP connections over the Internet? **Options:** A) SOCKS B) SMTP C) DNS D) HTTP,A
910,"Who is responsible for implementing the planning, budgeting, and performance of the organization's information security components? **Options:** A) MGR B) CEO C) DH D) CISO",D
911,"Searching through the refuse, remains, or leftovers from an organization or operation to discover or infer confidential information is known as ___________________. **Options:** A) Social engineering B) Impersonation C) Dumpster diving D) Inference",C
912,Which type of evidence consists of actual objects that can be brought into the courtroom? **Options:** A) Physical evidence B) Real evidence C) Documentary evidence D) Testimonial evidence,B
913,Which security control category focuses on personnel oversight and business practices? **Options:** A) Compensating B) Administrative C) Deterrent D) Preventive,B
914,The California Consumer Privacy Act provides consumers with all of the following rights except? **Options:** A) The right to submit frivolous requests to businesses B) The right to require businesses to delete their personal information C) The right to access personal information held by businesses D) The right to know what information businesses collect,A
915,What is the purpose of a protected distribution system (PDS)? **Options:** A) To ensure the availability of high-speed broadband services B) To deter unauthorized access to physically transmitted classified information C) To filter and monitor wireless network access points D) To provide a hardened storage system for confidential data,B
916,Which of the following defines the limits or boundaries within which people or systems must work? **Options:** A) Controls B) Compliance C) Data accuracy D) Safeguarding of assets,A
917,What is the primary purpose of a firewall? **Options:** A) To filter and block traffic between separate subnets B) To protect data after it passes out of or into the private network C) To prevent unauthorized disclosure of information by users D) To block unauthorized traffic within a subnet,A
918,What are security associations (SAs) in IPSec? **Options:** A) Logical connection-oriented channels at the network layer B) Unsecure connections between network hosts C) Temporary placeholders for data to be exchanged between hosts D) Predefined rules to control access to network resources,A
919,Which range of IP addresses is reserved for private use? **Options:** A) 150.0.0.0 to 150.255.255.255 B) 210.16.0.0 to 210.16.255.255 C) 172.168.0.0 to 172.168.255.255 D) None of the above ,D
920,What is the purpose of using groups in Windows tokens? **Options:** A) To enable fine-grained control of permissions for operations. B) To provide specific identification information for the token holder. C) To restrict access to certain resources based on the user's identity. D) To determine the type of privileges held by the token holder.,A
921,What did the U.S. Supreme Court ruling in United States v. American Library Ass'n confirm regarding the use of Internet filtering software in libraries? **Options:** A) It restricts libraries from making content-based judgments B) It is unconstitutional and an infringement on free speech C) It violates library patrons' First Amendment rights D) It does not violate library patrons' First Amendment rights,D
922,What term refers to the property that enables activities on a system to be traced to individuals who might then be held responsible for their actions? **Options:** A) Accountability B) Abstraction C) Authentication D) Access control,A
923,How can ISPs help customers during a DDoS attack? **Options:** A) Provide free firewalls to customers B) Assist customers in installing suitable security measures C) Restrict bandwidth for all customers D) Identify and isolate attack traffic to a specific provider,D
924,Which access control mechanism enables the owner or creator of an object to control and define the access other subjects have to it? **Options:** A) Detective access control B) Discretionary access control C) Distributed access control D) Directive access control,B
925,Which science fiction writer proposed the idea of artificial satellites in orbit for communication? **Options:** A) Isaac Asimov B) Jules Verne C) Arthur C. Clarke D) Ray Bradbury,C
926,What do policies define with regard to a company's resources? **Options:** A) What resources need to be protected and how they should be utilized B) How to implement security controls C) The exact configuration of security devices D) The specific details of security breaches,A
927,Which of the following is not considered a type of auditing activity? **Options:** A) Deployment of countermeasures B) Log analysis C) Recording of event data D) Data reduction,A
928,Which of the following type of firewall is built into the Windows operating system and can be accessed from the Control Panel? **Options:** A) PF B) Windows Firewall C) iptables D) ZoneAlarm,B
929,Which wireless attack involves setting up a rogue access point that mimics a legitimate access point to gather information from stations? **Options:** A) Deauthentication Attack B) Evil Twin attack C) Bluesnarfing D) Bluejacking,B
930,Which protocol enables a client to control network audio and video through a real-time streaming session? **Options:** A) RTP B) SIP C) RTCP D) RTSP,D
931,"What does AES stand for, which replaces the Data Encryption Standard (DES)? **Options:** A) Automated Encryption Standard B) Advance Encryption Security C) Advanced Encryption System D) Advanced Encryption Standard",D
932,"After performing the TCP three-way handshake, what packet does the requesting client send to terminate the connection gracefully? **Options:** A) FIN B) SYN C) ACK D) RST",A
933,What risk is associated with the uncommon use of authorization response authentication in ATM networks? **Options:** A) Increased likelihood of account takeovers B) Risk of network instability C) Vulnerability to physical attacks D) Potential for unauthorized transactions,D
934,Which standard protocol is used to provide integrity protection and confidential email access? **Options:** A) S/MIME B) DKIM C) SPF D) DNSSEC,A
935,Which display filter for Wireshark shows all TCP packets containing the word facebook? **Options:** A) display==facebook B) tcp contains facebook C) tcp.all contains ==facebook D) content==facebook,B
936,What is the primary concern with using the same password across multiple sites? **Options:** A) It can lead to the compromise of personal information on all sites. B) It can result in frequent password resets. C) It can cause confusion when logging in. D) It can make it difficult to remember which password goes with each site.,A
937,What can be used for advanced data correlation and analysis in a honeynet environment? **Options:** A) netForensics software B) Netcat C) Nmap D) Wireshark,A
938,What is a common mistake to avoid when implementing a data warehouse? **Options:** A) Assuming data warehousing and transactional database designs are identical. B) Selecting a data warehouse manager focused more on technology than on user needs. C) Thinking that all issues end once the data warehouse is operational. D) Each of the mentioned options represents a potential mistake to avoid during the implementation of a data warehouse.,D
939,What type of access is defined as non-console access in a computer system? **Options:** A) Physical access through hardware components B) Interactive login of system administrators C) Remote management of server configurations D) Access over a network interface,D
940,Why is regular software patching important for cybersecurity? **Options:** A) To increase software complexity B) To ensure compatibility with new devices C) To prevent exploitation of known vulnerabilities D) To reduce overall system performance,C
941,"A company is developing a new product to perform simple automated tasks related to indoor gardening. The device will be able to turn lights on and off and control a pump to transfer water. The technology to perform these automated tasks needs to be small and inexpensive. It only needs minimal computational capabilities, does not need networking, and should be able to execute C++ commands natively without the need for an OS. The organization thinks that using an embedded system or a microcontroller may be able to provide the functionality necessary for the product. Which of the following is the best choice to use for this new product? **Options:** A) FPGA B) Raspberry Pi C) Arduino D) RTOS",C
942,Which table shows an example of ciphertext alphabets for the V- and C-Stepper in the PURPLE machine? **Options:** A) A C D E R U B F G H I J K L M N O P Q S T V W X Y Z B) 6. jfmgbhxwitoyspkzvueln C) 0 jqftxhnigoskzpwvyblm to 0. fzgmbwskfiotivjnpxylq D) V-Stepper ACDERU Bank 0 C-Stepper BFGHIJKLMNOPQSTVWXYZ,D
943,"Which type of attack happens when a malicious user sends unexpected data through a web request, sometimes directly into an SQL query from the application server to the database server to execute? **Options:** A) DOM-based XSS attack B) SQL injection C) URL manipulation D) Directory or file traversal",B
944,"What is the term that refers to vulnerabilities, exploits, or attacks that were previously unknown to cybersecurity professionals and product vendors? **Options:** A) Pre-day vulnerabilities B) Post-day vulnerabilities C) Zero-day vulnerabilities D) Known-day vulnerabilities",C
945,Which authentication mechanism employs a token device to generate a response based on the challenge from the authentication system? **Options:** A) Challenge-Response Authentication B) Ticket Authentication C) Biometric Authentication D) Single Sign-On (SSO),A
946,Which of the following is a principle that a forensic expert should adhere to when testifying in court? **Options:** A) Inflate one's own ego by expressing certainty where none exists B) Focus on answering the questions that demand to be answered C) Be certain about the guilt or innocence of the defendant D) Express uncertainty whenever asked,B
947,"What is the primary difference between the authentication service (AS) and the ticket-granting service (TGS) in Kerberos? **Options:** A) AS issues the first ticket, while TGS issues tickets for other services using a TGT as proof of identity. B) AS requires biometric authentication, while TGS accepts password-based authentication. C) AS provides digital signatures for messages, while TGS provides encryption keys for secure channels. D) AS manages user credentials, while TGS manages service privileges and roles.",A
948,"Which choice below is NOT an accurate description or element of remote sensing technology? **Options:** A) Photographic, radar, infrared, or multi-spectral imagery from geostationary or orbiting satellites B) RS intelligence may be integrated into geographic information systems (GIS) to produce map-based products C) Photographic, radar, infrared, or multi-spectral imagery from land-based tracking stations D) Photographic, radar, infrared, or multi-spectral imagery from manned or unmanned aircraft",C
949,What does the term 'Annualized Rate of Occurrence' (ARO) measure? **Options:** A) The measure of the magnitude of loss or impact on the value of an asset B) The frequency with which a threat is expected to occur annually C) The percentage range of asset value loss arising from a threat event D) The frequency with which a threat is expected to occur,B
950,"What is the primary function of a SIEM solution in cybersecurity? **Options:** A) Encrypting log files for secure storage B) Capturing and analyzing packets to uncover vulnerabilities and monitor systems C) Real-time monitoring of systems and logs, and automation of alerts D) Providing alternate path to manage devices with no network connection",C
951,What does the likelihood determination step in risk assessment provide an indication of? **Options:** A) The estimated cost of implementing security controls B) The expected impact of a realized threat C) The probability that a potential vulnerability might be exploited D) The motivation level of potential threat-sources,C
952,"In the CIA triad, which component ensures that data and resources are available and accessible when needed? **Options:** A) Confidentiality B) Availability C) Integrity D) Authentication",B
953,Which security mechanism is used to secure and protect the application layer of a network over transport layer protocols such as TCP/UDP? **Options:** A) Internet Protocol security (IPsec) B) Virtual private network (VPN) C) Secure Sockets Layer (SSL) D) Transport Layer Security (TLS),D
954,Which term refers to a computer system or network that is designed to block unauthorized access? **Options:** A) Firewall B) Intrusion detection system C) Antivirus D) Vulnerability scanner,A
955,What type of attack is a denial-of-service (DoS) attack? **Options:** A) Confidentiality Attack B) Availability Attack C) Integrity Attack D) Authentication Attack,B
956,What is the primary function of physically unclonable function (PUF) technology in securing cyber-physical systems? **Options:** A) To encrypt and protect communication channels between cyber-physical components. B) To provide unique and hard-to-replicate identifiers for hardware authentication purposes. C) To establish secure connections between distributed nodes in an industrial control network. D) To enforce strict access control policies for operational technology (OT) devices and systems.,B
957,What does the principle of 'defense in depth' refer to? **Options:** A) Encrypting all data within the organization B) Implementing multiple security measures C) Relying on a single security measure D) Moving sensitive data to an external server,B
958,What is the primary security purpose of implementing a wireless intrusion prevention system (WIPS) in a network? **Options:** A) To encrypt wireless network traffic B) To segment wireless users from each other C) To allocate bandwidth for different wireless users D) To detect and prevent unauthorized wireless access points and clients,D
959,What does the term 'Asset' mean in the context of information security? **Options:** A) A sequence of steps performed for a given purpose B) A written description of a course of action C) Anything that has value to the organization D) A security policy,C
960,What is the process where a programmer codes in mechanisms to anticipate and defend against errors in order to avoid termination of execution? **Options:** A) Input validation B) Exception handling C) Input filtering D) Input sanitization,B
961,"Which concept refers to creating reliability and stability in networks and systems, ensuring that connectivity is accessible when needed, and allowing authorized users to access the network or systems? **Options:** A) Integrity B) Confidentiality C) Nonrepudiation D) Availability",D
962,Which type of intrusion prevention system (IPS) watches for intrusions that match a known identity? **Options:** A) Signature based B) Anomaly-based C) Behavior-based D) Network-based,A
963,"Which type of encryption mode is known for its error propagation property, where the decryption of incorrect data can lead to the incorrect decryption of subsequent blocks? **Options:** A) Cipher Feedback (CFB) Mode B) Counter (CTR) Mode C) Output Feedback (OFB) Mode D) Cipher Block Chaining (CBC) Mode",D
964,"In the RSA cryptosystem, what is commonly used as the public key? **Options:** A) The decryption exponent B) The encryption exponent C) The sum of the prime numbers p and q D) The modulus N and encryption exponent e (N,e)",D
965,"Which tool can be used to add, remove, or list services in the /etc/rc[0-6].d directory hierarchy on a Linux system? **Options:** A) systemctl B) chkconfig C) initctl D) runlevel",B
966,Which access control model is based on roles and the sets of permissions associated with operations? **Options:** A) Attribute-Based Access Control (ABAC) B) Role-Based Access Control (RBAC) C) Mandatory Access Control (MAC) D) Discretionary Access Control (DAC),B
967,Which WAN technology uses fixed-size frames or cells and is suitable for voice and video conferencing? **Options:** A) Frame Relay B) ATM C) SMDS D) X.25,B
968,What potential security concern is associated with the use of HTTP 'Cookies'? **Options:** A) The possibility of data mismanagement in the cookies file B) No additional security risk C) The ability to monitor user browsing activities D) The potential for unauthorized access to user preferences,D
969,What did James Reason's research into accidents and safety identify as the main contributors to human errors? **Options:** A) Organizational and local workplace conditions B) Latent failures only C) Active failures only D) A combination of active and latent failures,D
970,What process can be complementary to the associated evaluation criteria and used as a basis for evidence gathering and assurance as required by security mechanisms such as HIPAA? **Options:** A) Systems Security Engineering Capability Maturity Model (SSE-CMM) B) National Security Agency (NSA) InfoSec Assessment Methodology (IAM) C) Common Criteria (CC) Protection Profiles D) Presidential Decision Directive (PDD) 63,A
971,What type of plan development does the business continuity planning process that increases visibility to the customer's needs? **Options:** A) Standardization and process streamlining B) Fair value analysis C) Single points of failure D) Specific timeline,A
972,What is the purpose of Security Information Management (SIM) systems in cybersecurity? **Options:** A) To provide secure access control to network resources B) To manage physical security of the organization's premises C) To monitor and analyze network activities and events for security threats D) To encrypt and protect sensitive data in transit,C
973,Which key management protocol defines the procedures for authenticating a communicating peer and key generation techniques for establishing and maintaining a Security Association? **Options:** A) AH and ESP B) ISAKMP C) SSL/TLS D) DNSSEC,B
974,What is the main purpose of the Rho step function in the SHA-3 algorithm? **Options:** A) Bitwise rotation B) Circular bit shift C) Permutation of bits D) Addition modulo,B
975,"In UNIX, what is the purpose of the 'wtmp' file? **Options:** A) Records a copy of all console messages B) Records all executed commands C) Records accounting information D) Records every time a user logs in or out",D
976,What is the best method for preventing unauthorized changes to file and directory integrity? **Options:** A) Regularly inspecting system logs. B) Relying on anti-virus software to identify unauthorized changes. C) Using tools that compute hash values and crypto checksums to detect changes. D) Implementing strong authentication methods for user access.,C
977,What technique can an attacker use to recover a password using information from the enumeration phase? **Options:** A) Vertical Privilege Escalation B) Horizontal Privilege Escalation C) Keylogging D) Guessing,D
978,What is the primary goal of the business impact assessment in continuity planning? **Options:** A) Developing recovery strategies B) Identifying and prioritizing time-critical business processes C) Measuring system availability D) Assessing and improving the overall Crisis Management Planning infrastructure,B
979,Memory space insulated from other running processes in a multiprocessing system is part of a: **Options:** A) Security perimeter B) Least upper bound C) Constrained data item D) Protection domain,D
980,What is network address translation (NAT) used for? **Options:** A) To change an IP address in transit B) To segment the network and isolate traffic C) To connect two or more networks to form an internetwork D) To separate a physical LAN into two logical networks,A
981,What is the meaning of privacy in the context of enabling consumer privacy? **Options:** A) A strategy for maintaining customer loyalty and improving customer service B) A company's strategy for customer acquisition and retention C) A customer's preference for conducting interactions with a company D) Freedom from unauthorized intrusion into matters considered personal,D
982,What is the term used for a software designed to block unauthorized access and malicious activities? **Options:** A) Firewall B) Phishing C) Spam D) Malware,A
983,What is the main purpose of encryption in ensuring cybersecurity? **Options:** A) To reduce data storage requirements B) To protect data from unauthorized access C) To make data more accessible D) To increase network speed,B
984,Which framework is primarily concerned with audit measures and points that can be measured and demonstrated? **Options:** A) ISO 27001 B) Common Criteria C) COBIT D) BS 7799,C
985,What does the boulder in the punishment of King Sisyphus symbolize in Greek mythology? **Options:** A) Sign of achievement and success B) Eternal struggle and frustration C) Trivial and effortless task D) Endless joy and satisfaction,B
986,Which organization is responsible for protecting U.S. communications and producing foreign intelligence? **Options:** A) NSA (National Security Agency) B) DIRNSA (Director of NSA) C) COMSEC (Communications Security) D) CSS (Central Security Service),A
987,"In public-key cryptography, what is the role of the private key? **Options:** A) It is used to encrypt data and is publicly shared with other users. B) It is used to authenticate and verify the validity of digital certificates. C) It is used to hide the plain-text of the password during transmission. D) It is used to decrypt data and must be kept confidential by the key owner.",D
988,Computer forensics techniques are used to search preserve and analyze information on computer systems to find potential evidence for a trial. If you are defending against a tort what would your forensics be focused on if encrypted credit card information has been stolen and used even though you had effective controls in place? **Options:** A) E Discovery B) Steganography C) Criminal Investigation D) Operational Investigation,D
989,Which of the following is a fundamental characteristic of database transactions? **Options:** A) Ambiguity B) Durability C) Flexibility D) Inconsistency,B
990,"In continuity planning, what is the significance of a recovery point objective (RPO)? **Options:** A) It assesses the impact of recovery time on operations. B) It determines the maximum tolerable downtime for a business function. C) It measures the potential data loss equivalent to the time-focused recovery time objective (RTO). D) It evaluates the likelihood of a disaster occurrence.",C
991,Which protocol binds logical (IP) addresses to physical addresses in a TCP/IP network? **Options:** A) ARP B) ACK C) AES D) AIS,A
992,"What is a major drawback of intrusion detection technology? **Options:** A) False positives B) Performance decrements C) Initial cost D) A,B and C",D
993,What propagation technique does the Good Times virus use to spread infection? **Options:** A) File infection B) Boot sector infection C) Macro infection D) None of the above,D
994,"Which method should be used to ensure that data cannot be recovered when disposing of data classified at a lower level, but may not be considered acceptable for top secret data? **Options:** A) Purging B) Clearing C) Degaussing D) Destruction",A
995,What is the process of evaluation of each part of a computer system to assess its concordance with security standards called? **Options:** A) Validation B) Authentication C) Certification D) Accreditation,C
996,Role-based access control is useful when **Options:** A) There are frequent personnel changes in an organization B) Security clearances must be used C) Access must be determined by the labels on the data D) Rules are needed to determine clearances,A
997,"What are primary trade-off considerations impacting the structure and cost of Configuration Management (CM)? **Options:** A) Automating the transfer and all program source code, object code, and executable code to run a system B) Indication of a new Configuration Management methodology C) Level of detail at which the configuration units are identified, time when the configuration units are placed under CM, and level of formalization required for the CM process D) Maintaining a baseline at a given point in the system life cycle",C
998,What is a regional Internet registry (RIR) responsible for allocating and registering IP addresses and Autonomous System Numbers (ASNs) within a particular region? **Options:** A) North American Network Information Center (NANIC) B) Africa Internet Numbers Registry (AFRINIC) C) Latin American and Caribbean Network Information Center (LACNIC) D) Asia Pacific Network Information Centre (APNIC),B
999,"Which access control model uses assigned labels to identify access and supports hierarchical, compartmentalized, and hybrid environments? **Options:** A) Mandatory Access Control (MAC) B) Attribute-based Access Control (ABAC) C) Role-based Access Control (RBAC) D) Discretionary Access Control (DAC)",A
1000,The description of a relational database is called the: **Options:** A) Schema B) Record C) Attribute D) Domain,A
1001,"In the context of web attacks, what does SQL injection exploit? **Options:** A) User authentication protocols B) Web hosting providers C) Server hardware vulnerabilities D) Database input fields",D
1002,What does XSS stand for in cybersecurity? **Options:** A) Xtended Security Solutions B) eXtreme Security Systems C) eXternal Server Security D) Cross-Site Scripting,D
1003,"According to the risk governance framework, what is the phase where decisions are made about risk management plan and implementation? **Options:** A) Characterisation B) Management processes C) Appraisal D) None of the above",B
1004,What is the crossover error rate (CER)? **Options:** A) Is the point at which FRR and FAR are equal B) Is concealed in a Trojan horse program C) Is hidden for out-of-band communication D) May be hidden by a stealth virus,A
1005,This IP address A address of 2002:0000:0000:3210:0800:200C:00CF:1234 could be shortened to -----. **Options:** A) 2002: : 3210: 800: 200C:CF: 1234 B) 2002: : 3210: 0800: 200C:OOCF: 1234 C) 2002: : 321 : 8: 200C:CF: 1234 D) 2002: : 3210: 8: 200C:CF: 1234,A
1006,A firewall can either be software configured on a computer system or a network appliance. Both are designed to block unauthorized access while permitting authorized communications. The firewall which dynamically open ports is called a? **Options:** A) Stateless B) Packet Filter C) Stateful D) Proxy,C
1007,Which hashing algorithm would you suggest for securing passwords in 2024? **Options:** A) MD5 B) SHA2-256 C) bcrypt D) SHA1,C
1008,Which IPSec component defines the security services and parameters agreed upon by two entities to communicate securely? **Options:** A) SAML (Security Association Markup Language) B) Tunnel negotiation C) Oakley negotiation D) Security Association (SA),D
1009,Unauthorized access points created by programmers as a rescue option or malicious programs inserted by an attacker that allows an unauthorized entity to gain access into a system or program are called? **Options:** A) Trojan Horse B) Back Door C) Cracked Door D) Remote Access Tool,B
1010,Sending messages to Bluetooth-capable devices without the permission of the owner/user is a prank called ___ _. **Options:** A) Blue Snarfing B) Blue Boffing C) Blue Fishing D) Blue Jacking,D
1011,Which of the following is a proactive long term plan regarding the ability of critical business functions to continue in operation even in the face of serious threats. **Options:** A) Business Resumption Plan B) Business Continuity Plan C) Incident Response Plan D) Disaster Recovery Plan,B
1012,What is the process of storing copies of private keys by a certificate authority called? **Options:** A) Software Escrow B) Key Continuity C) Key Escrow D) Key Journaling,C
1013,A trusted authority in a network that generates asymmetric key pairs issues and manages security credentials publishes a CRL and more is a __ _. **Options:** A) Registration Authority B) Certificate Authority C) Online Certificate Status Authority D) Certification Authority,B
1014,Cloud computing can be defined as virtual servers resources applications services or anything you consume over the Internet. Which system offers a capability to the consumer to provision processing storage networks and other fundamental computing resources? **Options:** A) SaaS B) MaaS C) PaaS D) laaS,D
1015,Common Criteria (CC) was developed as an international IT evaluation criterion. Common Criteria is designed around Trusted Computing Base (TCB). EALs provide a specific level of confidence in the security functions of the system being analyzed. Which level would be most appropriate for a high security environment? **Options:** A) EAL Level 1 B) EAL Level 4 C) EAL Level 5 D) EAL Level 2,C
1016,What is the purpose of having formal engineering techniques and tools embedded in the software development process? **Options:** A) To demonstrate the organization's commitment to quality. B) To minimize the possibility of errors in code. C) To catch errors early in the software development process. D) To maximize the speed of the software development process.,C
1017,What is the Platform for Privacy Preferences Project (P3P) designed for? **Options:** A) To regulate secondary use of personal information. B) To certify data via zero-knowledge proof. C) To allow Web sites to declare their data-collection practices. D) To enforce access control policies.,C
1018,What is the primary objective of a disaster recovery plan in relation to physical security? **Options:** A) To prevent unauthorized access to computer systems B) To provide reasonable assurance that a computing installation can recover from disasters C) To detect unauthorized changes to production programs D) To enforce separation of duties among employees,B
1019,What type of token device produces new time-derived passwords on a specific time interval that can be used only a single time when attempting to authenticate? **Options:** A) SAML B) HMAC C) TOTP D) HOTP,C
1020,What security concept involves providing unique identities and access permissions to individuals within an organization? **Options:** A) Cryptography B) Intrusion Detection C) Physical Security D) Access Control,D
1021,What is a common cybersecurity practice related to passwords? **Options:** A) Using easily guessable passwords B) Sharing passwords with colleagues C) Storing passwords in a plain text file D) Changing passwords frequently,D
1022,What is a key factor in maintaining management's commitment to an information security program? **Options:** A) Ensuring that employees are aware of their rights and responsibilities B) Implementing a lax security policy C) Keeping management aware and involved D) Having regular team-building workshops for employees,C
1023,What is the best method to ensure systems have the required patches? **Options:** A) Patch scanner B) Patch management system C) Penetration tester D) Fuzz tester,B
1024,Which methodology was dismissed 'inadequate' in the 1970s and 1980s and is now widely recognized as necessary for iterative assurance approaches? **Options:** A) Penetrate-and-Patch B) Resilience testing C) Conﬂictual approach D) Formal verification,A
1025,"Which type of attack occurs whenever applications suffer from insufficient user input validation, allowing attackers to insert code into the control flow of the application? **Options:** A) Injection Vulnerabilities B) Physical Attacks C) Local File Inclusion D) Cross-Site Request Forgery (CSRF)",A
1026,Which of the following tools is used for forensic file recovery? **Options:** A) Forensic File Recoverer 2.3 B) OpenVPN C) PyCrypto D) Scalpel,D
1027,Which of the following attacks an already-authenticated connection? **Options:** A) Session hijacking B) Smurf C) Phishing D) Denial of service,A
1028,"What TCP/IP protocol handles the opening, maintaining, and closing of a session according to the OSI model? **Options:** A) HTTP B) SMTP C) FTP D) TCP",D
1029,Which statistical test is used as a goodness-of-fit test in cryptography? **Options:** A) Poker Test B) Monobit Test C) Kolmogorov – Smirnov Test D) Runs Test,C
1030,What is the method used to pass information that is not normally used for communication and can bypass security controls? **Options:** A) Open channel B) Overt channel C) Covert channel D) Hidden channel,C
1031,Which cryptographic algorithm has been standardized as the Advanced Encryption Standard (AES)? **Options:** A) Triple DES B) Rijndael C) Serpent D) Twofish,B
1032,What is the primary purpose of a time bomb in cybersecurity? **Options:** A) To limit the number of iterations in a computer network B) To execute malicious code onto a system at a specific time C) To encrypt data transmission over networks D) To record the time of network events,B
1033,"What is the role of a Security Operations Center (SOC) in an organization's cybersecurity infrastructure? **Options:** A) Monitoring, detecting, and responding to cybersecurity incidents. B) Implementing network firewalls and intrusion detection systems. C) Managing the organization's compliance with legal regulations. D) Developing encryption algorithms for secure data transmission.",A
1034,What is the desired result when an application fails due to an error in a secure system? **Options:** A) Fail-soft B) Fail-open C) Fail-secure D) Fail-closed,C
1035,Which cybersecurity principle is used to prevent browser-based attacks by denying or terminating malicious scripts from running within the context of the original site? **Options:** A) Misdirection B) Social Engineering C) Cross-Site Scripting (XSS) Mitigation D) Reconnaissance,C
1036,What is the primary advantage of shared key authentication in wireless network security? **Options:** A) It reduces the ability of an attacker to create a denial-of-service attack B) It reduces the risk of network eavesdropping C) It reduces the complexity of authenticating wireless users D) It enhances the ability to change encryption keys dynamically,A
1037,You have been tasked with designing and implementing a new security policy to address the new threats introduced by the recently installed embedded systems. What is a security risk of an embedded system that is not commonly found in a standard PC? **Options:** A) Control of a mechanism in the physical world B) Software flaws C) Access to the internet D) Power loss,A
1038,"What are the three main elements of the Risk Analysis process? **Options:** A) Security Policy, Threat, Risk Mitigation B) Quantitative Risk Analysis, Qualitative Risk Analysis, Asset Valuation C) Quantitative Risk Analysis, Regulatory Policies, Security Management D) Threat, Likelihood Matrix, Baseline",B
1039,What is a significant advantage of using reflective DLL injection to inject a DLL into a process? **Options:** A) It adds the DLL to the list of loaded modules in the process environment block B) It avoids adding the DLL to the list of loaded modules in the process environment block C) It requires administrative privileges for successful execution D) It is easily detected by modern antivirus software,B
1040,What is the main benefit of establishing a data classification program at the corporate level? **Options:** A) Reduction in the security mechanisms for data protection B) Decrease in the quality of data for decision-making C) Consistency in data protection across the enterprise D) Increase in the cost of protecting data,C
1041,"In a cryptographic system, what does the key space K represent? **Options:** A) The set of all possible plaintexts B) The set of all possible ciphertexts C) The set of all possible encryption algorithms D) The set of all possible keys that can be used with the encryption algorithm",D
1042,Which type of connection requires a dedicated physical pathway between two communicating parties? **Options:** A) Remote access connection B) Virtual private network C) Packet switching D) Circuit switching,D
1043,"Norbert isn’t sure if he is allowed to use his company-owned laptop to send messages to his friend on Facebook. To find out if he can, which policy should he refer to? **Options:** A) Data handling policy B) BYOD policy C) None of the above D) AUP (Acceptable Use Policy)",D
1044,What is the purpose of classifying corporate information based on business risk and value? **Options:** A) To increase the cost of protecting data B) To limit the protection mechanisms for data C) To improve decision-making and data quality D) To reduce the quality of data for decision-making,C
1045,What is one effect of SQL injection in a database system? **Options:** A) Improves database performance B) Allows unauthorized access to the database C) Leads to a denial of service attack D) Corrupts the database structure,B
1046,What are methods in the context of object-oriented programming? **Options:** A) They describe the object's visual characteristics B) They regulate the object's communication with the database C) They control access to the object's properties D) They define the functionality or behavior of the object,D
1047,What does the term 'malware' stand for? **Options:** A) Managed Software B) Monitored Software C) Malicious Software D) Manipulative Software,C
1048,Which statement is accurate about Evaluation Assurance Levels (EALs) in the Common Criteria (CC)? **Options:** A) A statement of intent to counter specified threats B) Requirements that specify the security behavior of an IT product or system C) A security level equal to the security level of the objects to which the subject has both read and write access D) Predefined packages of assurance components that make up a security confidence rating scale,D
1049,Which file system enables file-level security and permission tracking within access control lists (ACLs)? **Options:** A) NTFS B) FAT C) ext4 D) FAT32,A
1050,What is the target of a slowloris attack? **Options:** A) Operating system B) Hardware module C) Web server D) Router,C
1051,What is the purpose of an audit trail in information security? **Options:** A) To detect and identify viruses B) To warn personnel of attempted violations C) To enable the reconstruction and examination of the sequence of events of a transaction D) To control access to the computer or network,C
1052,What is the purpose of a virtual machine in cybersecurity? **Options:** A) To allow secure execution of potentially harmful or untrusted programs B) To provide high-speed reading and writing of instructions C) To allocate memory space for programs that execute outside the sandbox D) To enable the execution of multiple programs by one processor,A
1053,"Which program is commonly used in Microsoft environments to govern user and computer accounts through a set of rules, and can be enhanced with security templates to configure many rules at once? **Options:** A) Windows Update B) Active Directory C) Group Policy Editor D) Local Security Policy",C
1054,Which technology standard forms the basis of Web services? **Options:** A) Extensible Markup Language (XML) B) Hypertext Transfer Protocol (HTTP) C) Uniform Description Discovery and Integration (UDDI) D) Simple Object Access Protocol (SOAP),A
1055,A company with highly combustible materials is trying to determine which sprinkler system type to purchase. They are not concerned with false alarms but instead are insistent that the system be effective at extinguishing large and rapidly growing fires extremely fast. Which would be the best sprinkler system for this company? **Options:** A) Wet pipe B) Pre-action C) Dry pipe D) Deluge,D
1056,"What is the process used to verify the identity of a user, device, or other entity in a computer system? **Options:** A) Encryption B) Authentication C) Authorization D) Audit",B
1057,Which federal law designates categories of retail and mass market security software and allows firms to submit these products for review by the Commerce Department to be freely exported if approved? **Options:** A) The Computer Fraud and Abuse Act of 1984 B) The Encryption Export Controls Act C) The Digital Millennium Copyright Act of 1998 D) The Economic Espionage Act of 1996,B
1058,"Which protocol provides encrypted alternatives to common internet applications such as FTP, Telnet, and rlogin and is available in versions 1 and 2? **Options:** A) Secure Shell (SSH) B) Secure Socket Layer (SSL) C) Pretty Good Privacy (PGP) D) IP Security (IPsec)",A
1059,Which of the following is NOT a best practice for securing sensitive data? **Options:** A) Sharing sensitive data with unauthorized individuals B) Encrypting sensitive data C) Regularly backing up sensitive data D) Using strong authentication methods,A
1060,Which of the following is a standard security service provided by application-layer security protocols? **Options:** A) Tunneling B) Confidentiality C) Physical address filtering D) Media shielding,B
1061,Which approach involves the use of pattern matching and signatures to identify potential security threats in network traffic? **Options:** A) Sourcefire B) Firewalls C) Intrusion Detection Systems (IDS) D) Network security architecture design,C
1062,What is the main defense against cross-site scripting attacks? **Options:** A) Input validation B) User authentication C) Encryption D) Limiting account privileges,A
1063,Which approach uses natural language for creating privacy policies and visualizes the results for ensuring their intended goals? **Options:** A) Privacy Management Workbench B) Privacy Preferences Elicitation Framework C) Personal Privacy Policy Surveys D) P3P standard format,A
1064,"Which document outlines an organization's security scope, identifies assets for protection, and specifies required security measures? **Options:** A) Standard B) Guideline C) Security policy D) Procedure",C
1065,Why is segmentation recommended as a method within a PCI DSS assessment? **Options:** A) To eliminate the need for PCI DSS compliance B) To minimize the scope and cost of the PCI DSS assessment C) To complicate the security operations D) To increase the number of in-scope system components,B
1066,What is the primary objective of the Integrity Verification Procedure (IVP)? **Options:** A) To secure network communications from eavesdropping B) To analyze network traffic for potential security threats C) To validate the accuracy and reliability of data D) To verify the authenticity of digital certificates,C
1067,How can modification attacks be prevented in communication systems? **Options:** A) Employing digital signature verifications and packet checksum verification B) Using one-time authentication mechanisms and session sequencing C) Maintaining physical access security and using encryption D) Deploying DNS spoofing detection and hyperlink validation,A
1068,What can be concluded about the output sequence of a linear feedback shift register (LFSR) with a primitive characteristic polynomial if the initial state is not null? **Options:** A) The output sequence contains an equal number of 1's and 0's B) The output sequence is random and unpredictable C) The length of each run of 1's in the output sequence is always N D) The sequence of output states is distinct and periodic with a period of 2N - 1,D
1069,"During a TCP data exchange, the client has offered a sequence number of 100, and the server has offered 500. During acknowledgments, the packet shows 101 and 501, respectively, as the agreed-upon sequence numbers. With a window size of 5, which sequence numbers would the server willingly accept as part of this session? **Options:** A) 102 through 502 B) 102 through 104 C) 102 through 501 D) Anything above 501",B
1070,Which type of network service provides bandwidth on demand and is a preferred connection mechanism for remote LANs that communicate infrequently? **Options:** A) ATM B) X.25 C) HSSI D) SMDS,D
1071,When should an organization use a centralized security authentication infrastructure instead of decentralized security in each application? **Options:** A) When the organization only has a few small applications and a limited set of users B) When the organization has severe budget constraints C) When the organization has large-scale Web solutions and supports a diverse and very large population of users D) When the organization does not need a complex authentication process,C
1072,What is the purpose of a home firewall in the context of pervasive computing? **Options:** A) To enable communication between gadgets and the householder. B) To ensure all gadgets can connect to the internet. C) To prevent any communication with the outside world. D) To control which gadgets can 'phone home' and for what purpose.,D
1073,"What is the key principle for choosing a particular member (key) of the cryptographic system to be used, according to cryptographic standards? **Options:** A) The method for choosing the key should be complex and hard to change. B) The key should be transmittable by telegraph. C) The cryptographic system should not inconvenience the correspondents if compromised. D) The method for choosing the key should be easy to memorize and change.",D
1074,Which of the following is NOT an axiom for a group? **Options:** A) Annihilation B) Inverse element C) Closure D) Associative,A
1075,What is the process where fire experts produce forecasts of a wildfire’s potential path? **Options:** A) Fire mapping B) Meteorologists' assessment C) National Weather Service monitoring D) Disaster recovery planning,A
1076,Which of the following is the best source for developing Recovery Time Objectives (RTO)? **Options:** A) Previous recovery test results B) Tape restore statistics C) Industry averages D) Business impact analysis,D
1077,Which attack alters data in transit within the cloud? **Options:** A) MitM B) Packet sniffing C) Port scanning D) Encryption,A
1078,You are setting up a network intrusion detection system on a server and need to monitor the server's network traffic. Which mode should you configure the network adapter to operate in? **Options:** A) Full-duplex mode B) Auto-configuration mode C) Half-duplex mode D) Promiscuous mode,D
1079,"What is the primary method used to insert instructions for other abusive acts in computer programs, such as logic bombs, salami attacks, and viruses? **Options:** A) Trojan Horse B) Superzapping C) Eavesdropping D) Scavenging",A
1080,"How are information security policies, standards, and procedures reinforced in an organization? **Options:** A) By providing a competitive advantage B) By conducting regular reviews of employee compliance levels C) By granting inventors limited property rights D) By protecting the representation of products and services use",B
1081,Your boss wants to move internally developed software applications to an alternate environment supported by a third party to reduce the server room footprint. Which of the following is your boss proposing? **Options:** A) Software as a Service (SaaS) B) Platform as a Service (PaaS) C) Community cloud D) Infrastructure as a Service (IaaS),D
1082,How are rootkits often installed on systems? **Options:** A) By physically connecting an infected USB drive B) By exploiting unpatched vulnerabilities in the operating system or software C) Through email attachments D) Through social engineering attacks,B
1083,What is the primary purpose of source code obfuscation? **Options:** A) To make the code unreadable and tough to reverse engineer B) To improve the performance of the program C) To make the code more efficient and faster D) To enhance the security of the source code,A
1084,"What is a key characteristic that distinguishes worms from viruses? **Options:** A) Worms do not require any user action to spread, while viruses do. B) Viruses primarily target hardware, while worms target software. C) Viruses are more stealthy than worms. D) Worms are only able to spread through email attachments.",A
1085,What type of cipher can be described as solely focused on diffusion? **Options:** A) Monoalphabetic cipher B) Transposition cipher C) Substitution cipher D) Polyalphabetic cipher,B
1086,Which type of encryption focuses on bulk data encryption and uses a single secret key for both encryption and decryption? **Options:** A) Symmetric key encryption B) Asymmetric key encryption C) Block cipher encryption D) Stream cipher encryption,A
1087,Which document provides recommended approaches to the application of human rights in a business setting? **Options:** A) US Constitution B) European Convention on Human Rights C) Universal Declaration of Human Rights D) UN publications,D
1088,What could happen when a program attempts to dereference a null pointer? **Options:** A) Garbage Collection B) Buffer Infiltration C) Memory fault errors D) Nothing,C
1089,What key advantage of VPNs enables the creation of a network of virtual channels through the Internet? **Options:** A) Routing integration. B) Policy-based routing. C) Data encryption and protection. D) Logical independence.,D
1090,What is the main function of a firewall in network security? **Options:** A) To detect and remove malware from the network B) To prevent unauthorized physical access to network devices C) To filter and control incoming and outgoing network traffic D) To encrypt data transmitted over the network,C
1091,"Which category of steganography involves a covert file and an overt file, but the overt file is generated on the fly and does not exist at the beginning of the process? **Options:** A) Insertion B) Substitution C) Covert Communication D) Generation",D
1092,Which of the following elements does not apply to privacy? **Options:** A) Not any of the listed options B) Availability C) Confidentiality D) Integrity,B
1093,What is the primary purpose of security patches on software? **Options:** A) To increase system performance B) To fix vulnerabilities and improve security C) To add new features to the software D) To enhance the user interface,B
1094,What does UDP provide in terms of packet delivery? **Options:** A) Reliable delivery and network-wide congestion control. B) Network-wide congestion control. C) Minimal overhead and no assurance of packets arriving in order or not being corrupted. D) Assurance that packets arrive in order and are not corrupted.,C
1095,Why is it important to contain and preserve evidence in incident response in cybersecurity? **Options:** A) To notify management and legal authorities B) To eradicate the problem quickly C) To prevent evidence contamination and loss D) To apply the need-to-know security principle,C
1096,What is the primary advantage of using third-party security services? **Options:** A) To enhance legal grounds for prosecuting criminals B) To achieve complete isolation and protection of sensitive data C) To gain access to more advanced security tools and expertise D) To offload the responsibility for security compliance to an external entity,C
1097,How does a packet sniffer work? **Options:** A) It filters specific protocols and ports B) It blocks all incoming network traffic C) It listens to network packets and conversations between hosts D) It encrypts captured network data,C
1098,How is the success probability in linear and differential attacks affected by the number of rounds in a block cipher? **Options:** A) It remains constant regardless of the number of rounds. B) It is independent of the number of rounds. C) It increases with each subsequent round. D) It diminishes with each subsequent round.,D
1099,Which of these prevention techniques would be best used against a SQL injection attack? **Options:** A) Address space layout randomization B) Stack canary C) Return to libc D) Web application firewall,D
1100,What feature of a managed switch restricts the number of MAC addresses allowed into the content addressable memory (CAM) table? **Options:** A) MAC limiting B) MAC cloning C) MAC flooding protection D) MAC filtering,A
1101,"Which standard provides a framework for communicating user identity, user entitlements, and user attributes between separate security domains? **Options:** A) XML Encryption B) WS-Security C) SAML D) XML Signature",C
1102,How can an enterprise identify potential toll fraud within its organization? **Options:** A) By disabling direct inward dialing B) By enabling last number redial tracking C) By implementing billing or authorization codes D) By monitoring phone usage and analyzing calling patterns,D
1103,Why is it important to define processes for the destruction of information/data carriers? **Options:** A) To protect the system against electromagnetic/thermal radiation B) To reduce the risk of unauthorized access to recycled or disposed media C) To ensure the availability and functionality of systems D) To guarantee that sensitive information is secured and can be quickly restored,B
1104,The Brain virus is an example of which type of malware? **Options:** A) Worm B) Trojan C) Spyware D) Virus,D
1105,"What was the unintended impact of the September 2007 protests in Burma? **Options:** A) Mass protests and an uprising by the ruling junta that led to widespread violence. B) Burmese people used digital tools to broadcast their revolt, gaining global attention and criticism of the ruling junta. C) The first time wholesale Internet blocking was used to stop news from getting out after the protests caused pain to the junta. D) A sudden increase in fuel prices and a violent crackdown by the ruling junta.",B
1106,What term describes an attacker's ability to run code on a remote system? **Options:** A) DoS B) SMB C) XSS D) RCE,D
1107,Which protocol is used to transfer files securely between computers and uses port 22? **Options:** A) SCP B) LDAP C) IPsec D) TCP,A
1108,Where is the row-level security activated in the Human Resource Management System (HRMS) modules? **Options:** A) Based on the organization's hierarchy B) Based on a Department Security Tree C) Based on the user's role D) Based on the data sensitivity level,B
1109,"In a Time-Memory Trade-Off, what is the 'time' aspect referring to? **Options:** A) The one-time work needed to precompute data B) The effort required to compute encryption chains C) The duration it takes to recover a key using the attack D) The computational complexity of the encryption algorithm",C
1110,Which of the following features of an SSO product ensures that the encryption used is a standard such as DES? **Options:** A) Encryption Should Be Commercial Standard B) Failsoft Ability C) Integrity of Security DB(s) D) No Cleartext Passwords,A
1111,What role does encryption play in achieving data confidentiality in cybersecurity? **Options:** A) It ensures that data is not altered or tampered with during transit B) It provides authentication of users and devices in a network C) It enables efficient routing of data packets in a network D) It prevents unauthorized access to sensitive information,D
1112,What classic game is used to illustrate the concept of prisoners' dilemma in game theory? **Options:** A) Matching pennies B) Battle of the sexes C) Chicken game D) None of the above,D
1113,What is the purpose of a business continuity plan? **Options:** A) To prevent data breaches B) To recover from disasters and resume operations C) To reduce cybersecurity risks D) To comply with industry regulations,B
1114,"What does the principle of least privilege state? **Options:** A) To perform security operations to safeguard assets such as information, systems, devices, facilities, and applications B) Subjects are granted only the privileges necessary to perform assigned work tasks and no more C) Access only to the data or resources a user needs to perform assigned work tasks D) Subjects should be granted access only to information and resources they need to perform their assigned work",B
1115,"In cases involving personal injury, which of the following is a measure of harm often used to calculate the value of the harm suffered by the victim? **Options:** A) Pain and suffering B) Loss of future earnings C) Loss of reputation D) Emotional distress",B
1116,What is a benefit of using a connection-oriented protocol? **Options:** A) It does not require acknowledgments B) It provides reliable and ordered data transmission C) It is less complex than connectionless protocols D) It does not guarantee delivery of packets,B
1117,Which type of attack involves presenting fake network traffic to intercept legitimate communication? **Options:** A) Ransomware attack B) Phishing attack C) SQL injection attack D) Man-in-the-middle attack,D
1118,What is the key difference between DoS and DDoS attacks? **Options:** A) All provided answer B) Protocols in use C) Goal of the attack D) Number of attackers,D
1119,What is the purpose of a digital signature in cybersecurity? **Options:** A) To ensure data integrity B) To confirm the receipt of data C) To authenticate user identities (sender and receiver) D) To encrypt data transmissions,A
1120,"In the context of Kerberos, what is a realm? **Options:** A) Mapping identities and attributes between domains B) A domain or network designated for centralized authentication C) Biometric authenticator D) A secure network location",B
1121,Which firewall type below uses a dynamic state table to inspect the content of packets? **Options:** A) A stateful-inspection firewall B) An application-level firewall C) A packet-filtering firewall D) A circuit-level firewall,A
1122,What is the most common method for unauthorized individuals to gain access to a network? **Options:** A) SQL injection B) Brute force attack C) Cross-site scripting (XSS) D) Phishing / social engineering,D
1123,What is the primary goal of steganography? **Options:** A) To minimize file size and optimize data storage. B) To hide information within other information without detection. C) To make data unreadable by unauthorized users. D) To ensure the integrity and availability of data.,B
1124,"While performing a risk analysis, you identify a threat of fire and a vulnerability because there are no fire extinguishers. Based on this information, which of the following is a possible risk? **Options:** A) Virus infection B) Damage to equipment C) Unauthorized access to confidential information D) System malfunction",B
1125,What does a MIME version header field declare? **Options:** A) The content type of the message B) The conformance of the message with MIME standards C) The type of encryption used in the message D) The language of the message,B
1126,What term is used to describe the rows in an access control matrix? **Options:** A) Capability lists B) Domains C) Tuples D) Access Control Lists (ACLs),A
1127,"What is the term for software that functions without putting malicious executables within the file system, and instead works in a memory-based environment? **Options:** A) Rootkit B) Fileless malware C) Logic bomb D) Spyware",B
1128,What type of virus initially loads into the first sector of the hard drive and then into memory when the computer boots? **Options:** A) Macro virus B) Boot sector virus C) Polymorphic virus D) Worm,B
1129,Which type of access control policy allows only administrators to change the category of a resource? **Options:** A) Rule-based access control (RBAC) B) Discretionary access control (DAC) C) Mandatory access control (MAC) D) Role-based access control (RBAC),C
1130,What is the primary purpose of segmenting audiences for security awareness? **Options:** A) To provide information relevant to specific audience groups B) To standardize training for all employees C) To create exclusive groups based on employee seniority D) To enforce compliance with security protocols,A
1131,"Which of the following models lists the phases of an attack in order, starting with reconnaissance and ending with actions on objectives? **Options:** A) Cyber Kill Chain B) MITRE ATT&CK Matrix C) Threat Intelligence D) Security Orchestration, Automation, and Response (SOAR)",A
1132,What is the purpose of the session key in the Kerberos authentication process? **Options:** A) To authenticate the server to the user B) That common session key can be used for protecting subsequent messages between the client and the service C) To encrypt the ticket-granting ticket sent by the AS to the client D) To prove the identity of the client to the TGS,B
1133,What is the purpose of conducting formal remediation processes as part of compliance assurance? **Options:** A) To disregard collaboration and networking externally. B) To eliminate the need for compliance metrics reporting. C) To improve security controls and adhere to compliance requirements. D) To avoid implementing technical controls.,C
1134,Many of the security architecture models (Bell-LaPadula  Biba Clark Wilson) are very high level constructs and provide abstracts for software designers to use as a map to meet specific security goals. Which of the following models address more granular activities as in all subjects and objects should be created securely? **Options:** A) Graham Denning model B) Brewer Nash C) Information flow D) Harrison-Ruzzo-Ullman model,A
1135,What is the purpose of ethical hacking? **Options:** A) To create viruses and worms to compromise systems. B) To exploit security vulnerabilities for personal gain. C) To identify and fix security vulnerabilities before malicious hackers can exploit them. D) To perform criminal activities in the cyber domain.,C
1136,Which method provides content inspection to prevent unauthorized use of data on USB mass storage devices? **Options:** A) Data Loss Prevention (DLP) B) Intrusion Detection System C) Hardening D) Content Filtering,A
1137,What are the management responsibilities outlined in a security policy primarily focused on? **Options:** A) Tracking and monitoring all employee activities to prevent unauthorized access to sensitive information. B) Guiding the development and implementation of new security technologies and systems. C) Ensuring that all employees understand and comply with the organization's security policies. D) Holding employees accountable for any security breaches or incidents within the organization.,C
1138,What is the purpose of a vulnerability scanning tool in cybersecurity? **Options:** A) To launch attacks across a TCP/IP network B) To determine if a system is vulnerable to exploits C) To discover systems connected to a network D) To identify open ports on a system,B
1139,What type of attack hogs or overwhelms a system’s resources so that it cannot respond to service requests? **Options:** A) Replay attack B) Man-in-the-middle attack C) Denial-of-service attack D) TCP/Hijacking,C
1140,Which security principle emphasizes keeping the system design as simple and minimal as possible? **Options:** A) Principle of Psychological Acceptability B) Principle of Least Privilege C) Principle of Economy of Mechanism D) Principle of Open Design,C
1141,Which term describes the process of recovering the plaintext from the ciphertext? **Options:** A) Decipherment B) Compression C) Authentication D) Encipherment,A
1142,What type of malware uses social engineering tactics to trick a victim into installing it? **Options:** A) Virus B) Trojan horse C) Worm D) Logic bomb,B
1143,Why is it important to keep software and systems updated? **Options:** A) To prevent cybersecurity attacks B) To enhance system appearance C) To reduce storage space D) To decrease the speed of the system,A
1144,Which directory type is often used to provide space on the network for end users to store data they create or perform their tasks? **Options:** A) Application directories B) Shared directories C) Home directories D) Operating system directories,C
1145,Which of the following can breach the confidentiality of data? **Options:** A) Possession by unauthorized individuals B) Man in the middle attacks C) Malware attacks D) All of the above,D
1146,Why is it important to dedicate staff and automate compliance tasks? **Options:** A) To limit the organization's reporting on compliance metrics. B) To avoid enforcing penalties for noncompliance to policy. C) To prevent collaboration and network externally. D) To alleviate the burden of demonstrating compliance and ensure consistency.,D
1147,Which task of risk assessment consists of identifying risk-reducing safeguards that mitigate vulnerabilities and evaluating the degree to which selected safeguards can be expected to reduce threat frequency or impact? **Options:** A) Conducting the Vulnerability Analysis B) Asset Identification and Valuation C) Safeguard Selection and Risk Mitigation Analysis D) Establish Risk Acceptance Criteria,C
1148,What is the main purpose of cryptography? **Options:** A) To increase data transfer speed B) To compress data C) To secure Wi-Fi connections D) To make messages unreadable to unintended audiences,D
1149,Why is concern assessment important in the risk management process? **Options:** A) It aligns statistical evidence with personal perceptions to ensure accurate risk assessment. B) It focuses on implementing preventive measures to minimize potential threats. C) It helps in evaluating the impact of adverse events based on individual intuition and fear. D) It addresses different stakeholder perceptions and aids in reducing ambiguity related to risks.,D
1150,What was a primary motivation for phone phreaks to exploit phone company systems? **Options:** A) Financial gain B) Promoting countercultural values C) Intellectual challenge D) Countering government surveillance,C
1151,Which term describes the process by which each party to a communication verifies the identity of the other? **Options:** A) Compression B) Authentication C) Decipherment D) Identification,B
1152,What is sequence number in the context of session hijacking? **Options:** A) A number used in reconstructing a UDP session B) A randomly chosen number by a hacker to hijack a session C) A number assigned to a packet indicating its order in the data stream D) A way of sending information from the sending to the receiving station,C
1153,"Which principle states that in a secured environment, users should be granted the minimum amount of access necessary for them to complete their required work tasks or job responsibilities? **Options:** A) Job rotation B) Principle of least privilege C) Separation of duties D) Collusion",B
1154,"In a business organization analysis, what is the purpose of determining which departments and individuals have a stake in the business continuity plan? **Options:** A) To evaluate the organizational structure B) To assess operational risks C) To select members of the BCP team D) To guide the next stages of BCP development",C
1155,What tool could you use to identify IoT devices on a network? **Options:** A) nmap B) Postman C) Cloudscan D) Samba,A
1156,What drawback is associated with using a behavior-based IDS? **Options:** A) Unable to keep up with high network traffic B) Limited by the auditing capabilities of the host OS C) Dependent on signature files D) Produces many false alarms,D
1157,What security measure should be enabled to prevent unauthorized through-calls in a conference bridge? **Options:** A) Access code rotation B) Bridge locking C) Network class of service D) Individual call monitoring,B
1158,Which factor should be considered in calculating the negative impact of a threat realized? **Options:** A) The system's processing speed B) The office location C) The mission of the system D) The number of employees,C
1159,What is the purpose of creating a Protection Profile (PP) in the Common Criteria methodology? **Options:** A) To demonstrate the completeness of the security function of a TOE B) To verify the security properties of the IT product C) To perform independent evaluations of Security Targets (STs) D) To communicate the security requirements of a consumer to potential developers,D
1160,Which method of risk assessment uses subjective and intangible values to evaluate the loss of an asset? **Options:** A) Tangible Risk Analysis B) Qualitative Risk Analysis C) Quantitative Risk Analysis D) Intangible Risk Analysis,B
1161,What type of attacker leaves few or no traces on a system after gaining access? **Options:** A) Truly subtle attackers B) Script kiddies C) Clueful attackers D) Naïve attackers,A
1162,What does 'DDoS' stand for in the context of cybersecurity? **Options:** A) Distributed Denial of Service B) Decentralized Data Security C) Digital Data of Service D) Direct Denial of Service,A
1163,A security principle that advocates a layered defense strategy to protect an organization's information assets and systems is known as: **Options:** A) Least Privilege B) Secure by Default C) Defense in Depth D) Constrained Delegation,C
1164,"What are the reasonable measures that an organization must take to protect a trade secret? **Options:** A) Reasonable measures include licensing the secret to others and publicly disclosing the secret. B) Reasonable measures involve filing for patents and publicly disclosing the secret. C) Reasonable measures vary based on the industry and may include measures such as contractual agreements, system auditing, and termination procedures. D) Reasonable measures should involve openly sharing the secret with competitors.",C
1165,What type of attack is concerned with the probability of a message digest produced by a hash function having identical message digests for different messages? **Options:** A) Birthday Attack B) Man-in-the-Middle Attack C) Factoring Attack D) Linear Cryptanalysis,A
1166,Which of the following is a key element of the Defense-in-Depth protection strategy? **Options:** A) Centralized access control B) Single layer defense C) Robust security analytics D) Layered defenses,D
1167,What is the key length required for the AES-192 algorithm in CTR mode of operation? **Options:** A) 256 bits B) 192 bits C) Variable length from 1 to 256 bytes D) 128 bits,B
1168,Which statement most accurately reflects the encryption used by SSL? **Options:** A) The bulk data transfer is encrypted using asymmetric encryption; the key is exchanged out of band B) SSL does not use encryption C) SSL uses asymmetric encryption for both session key exchange and bulk data encryption D) The session key is encrypted using asymmetric key encryption and the bulk data is encrypted with symmetric encryption,D
1169,"What is the primary purpose of conducting a search without a warrant if destruction of evidence seems imminent, according to the Federal Sentencing Guidelines? **Options:** A) To adhere to the prudent man rule B) To apply the concept of proximate causation C) To invoke the doctrine of exigent circumstances D) To follow government specified standards",C
1170,Which scan type works by manipulating Transport layer protocol flags and is effective for hiding scanning efforts? **Options:** A) Stealth scan B) IDLE scan C) Inverse TCP flag scan D) Full connect scan,A
1171,What is the focus of the SANS Institute? **Options:** A) Provides access control solutions for portable devices and removable media storage B) Pocket guide and online courses in information security C) Forum for information exchange among research scientists and practitioners of network and distributed system security services D) Offering education and training in information security,D
1172,What is the most common security risk associated with twisted-pair cable? **Options:** A) Data Emanation B) Electromagnetic Interference (EMI) C) Radio Frequency Interference (RFI) D) Crosstalk,D
1173,What is one of the most familiar privileges in a Windows token? **Options:** A) SeCredentials B) SeImpersonate C) SeDebug D) Both B and C,D
1174,Which of the following best describes a strong password? **Options:** A) A series of numbers in sequence B) A person's name C) A single dictionary word D) A combination of lowercase and uppercase letters with special characters,D
1175,Which of the following is true of a stateful inspection firewall? **Options:** A) Stateful inspection firewalls protect through all layers of the OSI model. B) Stateful inspection firewalls are faster then other firewalls. C) Stateful inspection firewalls support more custom applications than other firewalls. D) Stateful inspection firewalls do not provide network address translation.,C
1176,Which encryption mode prevents the same plaintext from encrypting to the same ciphertext? **Options:** A) Output feedback B) Electronic code book C) Cipher feedback D) Cipher block chaining,D
1177,Which version of SNMP supports encryption and user-based authentication? **Options:** A) SNMPv3 B) SNMPv1 C) SNMPv2c D) SNMPv2,A
1178,Which type of access control is based on the individual's role or title within the organization? **Options:** A) Non-Discretionary Access Control B) Mandatory Access Control C) Discretionary Access Control D) Lattice-based Access Control,A
1179,Which of the following is a goal of an ethical hacker? **Options:** A) Defending against malicious hacking activity B) Exploiting system vulnerabilities C) Performing unauthorized access to data D) Using security flaws for personal gain,A
1180,What techniques can be used for authentication? **Options:** A) Challenge-Response Authentication B) Password Authentication C) Public-Key Authentication D) All of the above can be used,D
1181,What is the core of the security life-cycle model? **Options:** A) Implementing security measures B) Assessing security C) Designing safeguards D) Security strategy and policy,D
1182,Which of these would be an example of pretexting? **Options:** A) A cloned badge B) Rogue wireless access point C) An email from a former coworker D) Web page asking for credentials,C
1183,What is the primary goal of a secure software development lifecycle program? **Options:** A) To fully eliminate all potential vulnerabilities in the software. B) To ensure that security is integrated into every phase of the software development process. C) To focus solely on post-development security testing and assessment. D) To achieve the fastest possible release of software without taking security into consideration.,B
1184,"In biometrics, a 'one-to-one' search to verify an individual’s claim of an identity is called **Options:** A) Aggregation B) Audit trail review C) Authentication D) Accountability",C
1185,Who is responsible for ensuring data integrity and security for an organization? **Options:** A) Data owner B) Data custodian C) Security analyst D) Security administrator,B
1186,What is the major objective of risk management? **Options:** A) Identifying and mitigating potential threats B) Establishing international security guidelines C) Enhancing data privacy regulations D) Optimizing network performance,A
1187,"How does a website identify returning users using cookies? **Options:** A) By monitoring users' mouse-clicking choices B) By storing the users' personal data C) Checking the unique identifier code, previously recorded in your cookie file D) By prompting users to enter their login credentials",C
1188,What do identity and access management controls aim to achieve in an organization's security framework? **Options:** A) Implementing strict physical access controls through biometric authentication methods B) Centralized control and enforcement of access rights across diverse technology platforms C) Developing standardized procedures for incident response and disaster recovery D) Isolating wireless access points from the main network to prevent unauthorized access,B
1189,Which statement accurately reflects the concept of risk evaluation criteria according to the given content? **Options:** A) It focuses on eliminating risks through the application of advanced technology. B) It defines the level of security needed based on industry-specific standards. C) It involves quantifying risks with mathematical models and tools. D) It provides a mix of quantitative and qualitative measures to assess risks.,D
1190,What is required for a thorough analysis of failure modes in safety-critical systems? **Options:** A) Evaluating the consequences of a failure of any one of your protection mechanisms. B) Human factor issues and the results of system-level tests. C) A safety requirements specification and safety test criteria. D) Merging top-down and bottom-up approaches.,D
1191,What does steganography replace in graphic files? **Options:** A) The most significant byte of each bit B) The least significant byte of each bit C) The least significant bit of each byte D) The most significant bit of each byte,C
1192,What mode of encryption is almost never used because it does not prevent the same plaintext from encrypting to the same ciphertext? **Options:** A) Electronic code book B) Output feedback C) Cipher block chaining D) Cipher feedback,A
1193,Why is SAN security important? **Options:** A) To increase system downtime B) To avoid financial losses due to data breaches C) To fulfill regulatory compliance requirements D) To prevent physical level threats,B
1194,"During the phase of scanning, which of the following techniques is used to probe hosts and subnets? **Options:** A) Tracert B) Pings C) Port scans D) All of the above",D
1195,Who should approve exceptions to security procedures for the organizational element to which the procedures apply? **Options:** A) Policy evaluation committee B) Audit function C) Managers and employees of proponent element D) Department vice president,D
1196,What cybersecurity practice involves ensuring that only authorized individuals can access certain information? **Options:** A) Intrusion detection B) Access control C) Vulnerability scanning D) Firewall configuration,B
1197,Which common feature found on managed switches duplicates traffic for analysis and evidence collection? **Options:** A) Port isolation B) VLAN management C) Port mirroring or spanning D) Port filtering,C
1198,What is a potential use of software forensics in the context of identifying the author of a piece of malicious code? **Options:** A) Recovering lost source code. B) Identifying the languages used in programming the code. C) Identifying linguistic or cultural characteristics in the code. D) Determining the main function of the code.,C
1199,"What is the main benefit of implementing service level management (SLM)? **Options:** A) Improved management of software licensing and compliance B) Negotiating software license negotiations C) Maintaining and gradually improving business-aligned IT service quality D) Reduced cost to implement, manage, and support the infrastructure",C
1200,"You are asked to perform a risk assessment of an information system for the purpose of recommending the most appropriate security controls. You have a short amount of time to do this. You have information about how each asset in the system is used and its importance to the business, but you have no financial information about the assets or the information systems. Which is the most appropriate method to use for this assessment? **Options:** A) Quantitative B) Threat modeling C) Qualitative D) Delphi",C
1201,"In the context of HIPAA information security requirements, which HIPAA-CMM practice focuses on developing disaster recovery and business continuity plans? **Options:** A) Develop Disaster Recovery and Business Continuity Plans B) Administer Patient Health Care Information Controls C) Evolve Personnel Information Security Policies and Procedures D) Establish Patient Health Care Information Security Controls",A
1202,How does XTS-AES mode ensure that the same plaintext block encrypts to different ciphertext blocks at different data unit positions? **Options:** A) By adjusting the tweak value based on the block number and data unit position B) By adding a randomly generated value to each plaintext block before encryption C) By changing the symmetric key for each position within the data unit D) By using a unique initialization vector (IV) for each plaintext block,A
1203,"For a fence to deter a determined intruder, it should be at least how many feet tall? **Options:** A) 2 B) 10 C) 8 D) 4",C
1204,What is the term used for a malicious program that disguises itself as a legitimate file or application? **Options:** A) Malware B) Vulnerability C) Denial-of-service attack D) Phishing,A
1205,What should be the primary mindset when dealing with a cybersecurity incident? **Options:** A) Collect evidence to establish legal prosecution. B) Think before reacting and preserve data for investigation. C) React immediately to restore normal system operations. D) Coordinate and refer unauthorized intrusions to law enforcement.,B
1206,Which of the following represents the likelihood that a threat will exploit a vulnerability to cause harm to an asset? **Options:** A) Loss Potential B) Risk C) Threat D) Exposure Factor (EF),B
1207,Which of the following is a widely used symmetric encryption algorithm? **Options:** A) RSA B) AES C) MD5 D) SHA-256,B
1208,What is the primary goal of Cascading Style Sheets (CSS)? **Options:** A) To provide a consistent and flexible mechanism to manipulate the appearance of HTML documents. B) To provide a secure connection between clients and servers. C) To generate dynamic content for web applications. D) To validate and execute JavaScript code within web pages.,A
1209,"Which access method has shared media for transport, making it more susceptible to eavesdropping and intrusion? **Options:** A) Point-to-Multipoint Wireless Internet B) DSL C) Dial-up access D) Cable Modems",D
1210,Why is network segmentation important for embedded and static systems? **Options:** A) To establish connections with other networks B) To facilitate easy access for all users C) To maximize resource utilization D) To prevent changes and exploits from reaching them,D
1211,At which OSI model layer does the IPSec protocol function? **Options:** A) Data Link B) Transport C) Network D) Session,C
1212,Which type of malware is identified by a hash value and compared against antivirus databases? **Options:** A) Worm B) Virus C) Trojan D) All of the above,D
1213,"In a security solution, which of the following is the weakest element? **Options:** A) Security policies B) Humans C) Internet connections D) Software products",B
1214,"What is the primary responsibility of a chief privacy officer (CPO) in an organization with regards to privacy policies? **Options:** A) Implementing and maintaining the privacy policy B) Formulating privacy policies for the organization C) Options A, B, and D are also correct D) Receiving and responding to complaints about privacy policy",C
1215,Which security mechanism is designed to restrict access to a network based on predetermined criteria? **Options:** A) Steganography B) Network Restriction Mechanism C) Access Control D) Cryptography,C
1216,What is the command to enable the web server to use SSL? **Options:** A) a2ensite default-ssl B) a2dissite default C) a2enmod ssl D) openssl rsa -in serverkey.pem -out /etc/apache2/ssl/server.key,C
1217,"What tool is commonly used for performing attacks against password hashes, such as MD5, SHA1, and NTLM? **Options:** A) L0phtCrack B) John the Ripper C) Cain and Able D) Ophcrack",B
1218,A session hijack can be used against a mobile device using all of the following except? **Options:** A) Cookies B) Worms C) Emails D) Browsers,B
1219,What is the concept of network security zones to divide networks for managing specific security actions? **Options:** A) Using networking protocols to secure network boundaries B) Enforcing strict access control at all network entry points C) Allowing unrestricted access to all network resources D) Dividing networks into secure and uncontrolled sections,D
1220,What is the primary purpose of biometric authentication? **Options:** A) To verify email addresses B) To remember user credentials C) To identify individuals based on unique biological traits D) To generate secure passwords,C
1221,"Who should be included in the business continuity planning team? **Options:** A) Representatives from the IT department only B) Representatives from support departments only C) Representatives from each operational and support department, IT experts, legal representatives, and senior management D) Representatives from senior management only",C
1222,Define 'hacktivist' **Options:** A) A person who uses their technological expertise to help companies and organizations improve their cybersecurity B) A person who engages in hacking as a form of protest or activism C) A person who illegally gains access to computer systems without permission D) A person who is dedicated to ethical hacking practices,B
1223,Which SQL command is used to explicitly commit a transaction to the database? **Options:** A) INSERT B) COMMIT C) UPDATE D) ROLLBACK,B
1224,What is one advantage of symmetric encryption over asymmetric encryption? **Options:** A) Faster encryption and decryption B) Better resistance to brute-force attacks C) Easier key distribution D) Higher level of security,A
1225,What is an example of an evasive technique used to bypass security mechanisms? **Options:** A) Encoding data B) Using a proxy server C) Using nmap in blind mode D) Scanning nonstandard ports,A
1226,Which devices can be used for authentication and key storage in multifactor authentication? **Options:** A) Bluetooth devices and Bluetooth headsets B) Network adapters and PCI Express cards C) Smart cards and USB flash drives D) Wireless routers and switches,C
1227,"What is the primary role of the IT director? **Options:** A) Developing new security policies B) Implementing security protocols C) Monitoring incident response D) Strategic planning, structure of the IT department, budgeting",D
1228,What is the primary goal of disaster recovery planning? **Options:** A) Setting up temporary business operations B) Preventing business interruption C) Restoring normal business activity D) Minimizing the impact of a disaster,C
1229,Which type of vulnerability refers to the existence of backdoors that allow a user to log in with no password or have direct access to application configuration? **Options:** A) Backdoor and Debug Options B) Cookie Poisoning C) Cross-Site Scripting D) Parameter Tampering,A
1230,What is the primary purpose of encryption in cybersecurity? **Options:** A) Securing data in transit over public networks B) Detecting and mitigating network intrusions C) Preventing unauthorized access to physical premises D) Protecting against social engineering attacks,A
1231,Which type of IDS monitors a single computer or host? **Options:** A) Network-based IDS (NIDS) B) Application-based IDS C) Intrusion prevention system (IPS) D) Host-based IDS (HIDS),D
1232,"In an LDAP injection attack, how does the attacker manipulate the LDAP query to bypass authentication? **Options:** A) By inserting additional scripting into web forms to modify the LDAP query. B) By intercepting the communication between the client and server and altering the LDAP query in transit. C) By adding characters such as &)(&) after the username to end the query and then provide any password. D) By using tools such as StackGuard to manipulate the LDAP query.",C
1233,Which statement is true about quantum encryption? **Options:** A) It requires a dedicated fiber-optic connection for general communications. B) It is susceptible to the man-in-the-middle attack due to its observable communication channels. C) It relies on single photons and polarizations for key negotiation and eavesdropping detection. D) It can be easily decrypted by an outside party using quantum computing.,C
1234,What role does real-time detection play in antivirus software? **Options:** A) Monitoring system performance continuously B) Scanning files for malicious code upon access C) Blocking of all incoming network traffic D) Encrypting data in real-time,B
1235,Which law requires companies to protect the personal medical information of the customer? **Options:** A) SOX B) HIPAA C) PIPEDA D) GLBA,B
1236,"What should be done to monitor and control voice mail systems for suspicious activities? **Options:** A) Implementing long, complicated access codes for DISA B) Enabling direct inward system access and dial-in modem ports C) Monitoring for unsuccessful attempts and suspicious activities D) Allowing unrestricted access to company voice mail",C
1237,Why is it important to conduct forensic analysis on a copy of the original data instead of the original itself? **Options:** A) To prevent tampering with the original data and maintain the integrity of evidence. B) To eliminate the need for using forensic tools and techniques on the original data. C) To reduce the cost of storage for the data being analyzed. D) To speed up the analysis process and avoid unnecessary duplication of effort.,A
1238,"If you were to see the following in a packet capture, what attack would you expect is happening? %3Cscript%3Ealert('wubble');%3C/script%3E **Options:** A) Buffer overflow B) SQL injection C) Cross‐site scripting D) Command injection",C
1239,"According to HIPAA regulations, what is the responsibility of organizations regarding the protection of patient healthcare information? **Options:** A) Conducting regular data backups B) Designating responsible individuals and establishing recourse for policy violations C) Developing advanced security technologies D) Encrypting all patient data",B
1240,What is the main reason for an organization to have a position description for a job opening? **Options:** A) To specify the frequency of travel required for the job. B) To indicate the requirements for a background investigation and drug-free workplace policy. C) To outline the general duties and responsibilities of the position. D) To provide information about the supervisor's name and salary range.,C
1241,What is a programmable logic device (PLD)? **Options:** A) A volatile device B) An integrated circuit with connections or internal logic gates that can be changed through a programming process C) A program resident on disk memory that executes a specific function D) Random Access Memory (RAM) that contains the software to perform specific tasks,B
1242,What is recommended to minimize the risk when using an FTP server? **Options:** A) Running additional services on the same host as the FTP server B) Allowing anonymous access for easier file sharing C) Closely monitor the server logs and activity D) Keeping the server permanently turned on to facilitate data access,C
1243,The standard for study and control of electronic signals produced by various types of electronic hardware is known as ___________________. **Options:** A) Eavesdropping B) Wiretapping C) TEMPEST D) SESAME,C
1244,"Which tool can be used to gather information about wireless networks in an area, including signal strength readings and wireless network boundaries? **Options:** A) NetSpot B) Kismet C) WiFi Explorer D) Wireshark",B
1245,What kind of attack would be demonstrated if an attacker interjects into the path of secure communications or key exchange? **Options:** A) Man-in-the-Middle Attack B) Frequency analysis C) Bypass D) Differential Power Analysis,A
1246,Similar activities are carried out by hackers and security professionals performing an assessment. Identifying assets in a victims network is called ------. **Options:** A) Fingerprinting B) Port scanning C) TCP wrapping D) Man in the middle,A
1247,Public key certificates are often considered to be associated with which aspect of cybersecurity principles and best practices? **Options:** A) Threat modeling B) Vulnerability assessment C) Identity management D) Incident response,C
1248,What is the main function of access lists in the context of router security? **Options:** A) To establish administrative domains B) To set up network connections C) To configure router passwords D) To filter and control the flow of data packets,D
1249,While developing the business continuity plan your team must create a plan that ensures that normal operation can be resumed in a timely manner after an outage. Which element is your team creating? **Options:** A) Disaster recovery plan B) Business impact analysis (BIA) C) Vulnerability analysis D) Business continuity plan,A
1250,"In a business context, what is a concern related to intellectual property leakage via instant messaging? **Options:** A) Exposure to potential man-in-the-middle attacks B) Inadvertent sharing of sensitive transaction data C) Unintended exposure of corporate documents D) Risk of disclosing trade secrets and insider information",D
1251,Which type of watermarking hides a visible mark within an image file that flags it as the owner's property? **Options:** A) Robust watermarking B) Invisible watermarking C) Error-free watermarking D) Visible watermarking,D
1252,What is the first step in the data lifecycle referred to in the provided content? **Options:** A) Data classification B) Data retention C) Data maintenance D) Asset classification,A
1253,Which security management approach is recommended for an information security program? **Options:** A) Top-down B) Integrated C) Bottom-up D) Differential,A
1254,"What is the minimum level of responsible actions that an individual can take during a contingency planning process as per ISO 17799? **Options:** A) Reporting security incidents B) Business continuity planning C) Testing, maintaining, and reassessing business continuity plans D) Learning from incidents",A
1255,"Which of the following is NOT a characteristic of a cryptographic hash function, H (m), where m denotes the message being hashed by the function H? **Options:** A) H (m) is a one-way function. B) H (m) is collision free. C) H (m) is difficult to compute for any given m. D) The output is of fixed length.",C
1256,What is the role of standardization and security criteria in the evaluation of computer products? **Options:** A) Verifying the essential security requirements of computer products. B) Determining the market niche of computer products. C) Validating the effectiveness and quality of security products. D) Providing a competitive environment for computer products.,A
1257,Which layer of the OSI model must present a common service interface to the Transport Layer and coordinate between subnetworks of different technologies? **Options:** A) Data Link Layer B) Session Layer C) Network Layer D) Transport Layer,C
1258,Which method of authentication is unique to an individual's physical characteristic? **Options:** A) Biometric authentication B) Software encryption C) Two-factor authentication D) Username and password,A
1259,Which additional goal of steganography is related to ensuring that hidden data cannot be visibly seen in the host file? **Options:** A) Survivability B) Visibility C) Integrity D) No detection,B
1260,Which processor architecture is commonly licensed for use in embedded systems like mobile phones and consumer electronic devices? **Options:** A) ARM B) Intel C) Motorola D) AMD,A
1261,"In Authentication and Encryption Terminology, what does PAP stand for? **Options:** A) Private Access Protocol B) Password Authentication Protocol C) Personal Access Port D) Public Authentication Protocol",B
1262,"In business continuity planning, what is the importance of documenting the plan comprehensively? **Options:** A) To prevent the loss of important data B) To ensure clear communication within the organization C) To have a written record of the procedures to follow when disaster strikes D) To organize the BCP team",C
1263,"Which type of attack is waged against passwords for user accounts by systematically attempting every possible combination of letters, numbers, and symbols? **Options:** A) Brute force attack B) Denial of service attack C) Spoofing attack D) Man-in-the-middle attack",A
1264,What is the primary purpose of authentication in security technology? **Options:** A) To allocate appropriate access and identification codes to users B) To confirm the identity of the end user requesting access C) To ensure authorized access to sensitive information D) To enforce disciplinary measures for noncompliance,B
1265,Which internet protocol's primary purpose is to discover the path through the internet to a specified destination IP address? **Options:** A) Traceroute B) ICMP C) ARP D) RIP,A
1266,What is the purpose of enforcing least privilege in a user session? **Options:** A) To allocate excessive processes to increase CPU power B) To assign minimal privileges necessary to accomplish the task C) To provide users with more privileges than required D) To reduce CPU power usage by running only necessary processes,B
1267,What challenge may businesses face in regard to electronic data interchange systems and privacy laws across jurisdictions? **Options:** A) Difficulty in detecting and interpreting electronically transmitted data B) Consistency in interpreting the laws of various nations C) Lack of available legal advice D) Meeting the most stringent privacy law requirements,B
1268,What does the 'more eyeballs' principle imply in the context of open source software? **Options:** A) More users will be able to access the software. B) The software will have fewer security flaws due to more people reviewing the code. C) The software will be more likely to be targeted by attackers. D) The software will have better customer support.,B
1269,What type of queries are used to respond with a refer-to answer if the address is not currently known? **Options:** A) Recursive queries B) Reverse queries C) Iterative queries D) Forward queries,C
1270,What transaction management principle ensures that two transactions do not interfere with each other as they operate on the same data? **Options:** A) Consistency B) Durability C) Isolation D) Atomicity,C
1271,Why do hackers focus their efforts on popular web browsers? **Options:** A) To gain control of the browser's security settings B) To target applications that provide them with the largest source of potential targets C) To access sensitive data stored in the browser D) To exploit highly customizable browsers,B
1272,What can an attacker intercept if they manage to bypass SSL on a server? **Options:** A) Encrypted email data B) HTTP metadata C) Encrypted web page data D) User credentials,D
1273,"The UDP headers contain which of the following fields? **Options:** A) Flags, source port, destination port, checksum B) Source address, destination address, checksum, length C) Destination port, source port, checksum, length D) Length, checksum, flags, address",C
1274,Several types of fire detectors are available on the market. Which of the following detect a fire by identifying changes in a stream of light waves? **Options:** A) Heat activated detector B) Thermometer detector C) Optical detector D) Flame activated detector,C
1275,What should be the primary aim when planning for audit in an intranet? **Options:** A) Disk space storage availability B) Secure storage and access to the audit data C) Centralized collection and synthesis of audit information D) Increased staffing and administration,B
1276,Which cryptographic technique is used to solve the problem of DNS cache poisoning by providing cryptographic keys to sign resource records? **Options:** A) Public key encryption B) Asymmetric encryption C) Symmetric encryption D) DNSSEC,D
1277,Which operation remaps each column of the state during the encryption process in AES? **Options:** A) Subkey addition B) SubBytes C) ShiftRows D) MixColumns,D
1278,What is VNC? **Options:** A) A server that accepts connection requests to display its local display on the viewer. B) A file-sharing protocol for sharing documents over a network. C) A chat platform for virtual networking. D) A game server for multiplayer online games.,A
1279,What is the significance of the transited realms list in a Kerberos ticket? **Options:** A) It indicates all the realms transited by the client within them. B) It allows the holder of the ticket to ask the TGS to modify the address or lifetime restrictions. C) It restricts further propagation of the credential by the recipient. D) It restricts the use of credentials to a specific machine when sent to an intermediary.,A
1280,Which email security feature uses DNS to allow domain owners to create records associating domain names with IP address ranges of authorized senders? **Options:** A) SPF B) S/MIME C) DKIM D) STARTTLS,A
1281,Which tool is commonly used for network scanning and enumeration? **Options:** A) Snort B) Wireshark C) Nmap D) Metasploit,C
1282,The purpose of establishing a protection domain in a computational system is to: **Options:** A) Restrict the access of system administrators to the central processing unit (CPU). B) Prevent all unauthorized modification or executional interference in the system. C) Ensure the widespread use of proprietary hardware and software to prevent unauthorized access. D) Limit a process's access to certain memory locations and execute a subset of the computer's instruction set.,D
1283,Which type of attack uses zombie hosts to create a many-to-one network attack? **Options:** A) Man-in-the-middle attack B) DDoS attack C) Social engineering attack D) SQL injection attack,B
1284,What term is used to describe the practice of using electronic means to stalk another person? **Options:** A) Cyberstalking B) Cyberharassment C) Digitalbullying D) Smartstalking,A
1285,"In a TMTO attack, what are the 'tables' referred to? **Options:** A) The collection of potential key values covered by individual chains B) The function outputs used to generate encryption chains C) The set of intermediate values used in the encryption process D) The set of starting and ending points computed for each chain",D
1286,What is the primary characteristic of a private cloud in comparison to a public cloud environment? **Options:** A) Reliance on physical infrastructure like power and real estate for data storage. B) Multitenancy limited to multiple divisions within the same business on the same server. C) On-demand self-service and multitenancy across multiple businesses or individuals. D) Ability to outsource system administration and maintenance tasks to the cloud provider.,B
1287,What is the main goal of the committee set up to address issues related to suspected computer crimes in a corporate environment? **Options:** A) Determining the suspect responsible for the crime B) Planning for and conducting investigations C) Preparing a plan for immediate disclosure to law enforcement D) Establishing a prior liaison with legal authorities,B
1288,What type of malware technique allows the software to reconfigure itself when it infects a new system to evade detection? **Options:** A) Trojan B) Polymorphic Malware C) Fileless Malware D) Dropper,B
1289,What type of lighting is often used to enhance perimeter security at entrances or parking areas? **Options:** A) Incandescent lights B) Laser lights C) Fluorescent lights D) Floodlights,D
1290,Data encrypted with the server’s public key can be decrypted with which key? **Options:** A) The client’s private key B) The client’s public key C) The server’s public key D) The server’s private key,D
1291,"In a wireless network, why is an SSID used? **Options:** A) To secure the wireless access point B) To enforce MAC filtering C) To encrypt data D) To identify the network",D
1292,How would you ensure that confidentiality is implemented in an organization? **Options:** A) Cryptographic hashes B) Web servers C) Watchdog processes D) Encryption,D
1293,What is the purpose of XML External Entity Processing? **Options:** A) To fill up connection buffers at the operating system B) To validate input from the user C) To manipulate the instruction pointer of the application D) To gain access to underlying system functions and files using XML,D
1294,What is the main role of a botmaster in a fast-flux domain? **Options:** A) Serving as the main server and responding to client requests B) Issuing commands to bots and maintaining fast-flux by updating DNS records C) Controlling and maintaining fast-flux by issuing commands to bots D) Controlling the compromised computers within the botnet,B
1295,What is the purpose of the incident-handling process? **Options:** A) To respond to a breach without causing panic B) To monitor and analyze user and system activities C) To shut down the network in case of a breach D) To trace user activity from the point of entry to exit,A
1296,Which authentication mode provides a client with a challenge that must be encrypted using a shared key for validation? **Options:** A) WPA2 Enterprise B) Shared key authentication C) RADIUS D) Open system authentication,B
1297,"In the context of electronic voting systems, what action enables voters to validate their choices before casting their votes? **Options:** A) Scanning the paper ballots B) Accessing the source code of the voting machine C) Pressing the 'count' button D) Displaying the voter's choice on a paper roll for validation",D
1298,Which of the following is the best choice for performing a Bluebugging attack? **Options:** A) PhoneSnoop B) Blooover C) BBProxy D) btCrawler,B
1299,Which of the following is an example of a standard network security control device? **Options:** A) Firewall B) Security awareness training program C) CCTV surveillance system D) Biometric authentication system,A
1300,Which term refers to the means used to uniquely identify a terminal to a system? **Options:** A) User Profile B) Terminal Identification C) Distributed COM D) Binary Large Object,B
1301,"What is the main function of the Domain Name System Security Extensions (DNSSEC)? **Options:** A) Provides secure time synchronization between network devices. B) Ensures the authenticity and integrity of DNS records to prevent DNS spoofing and cache poisoning. C) Encrypts the URL, content, forms, and cookies during web browsing. D) Synchronizes devices to Coordinated Universal Time (UTC) within a few milliseconds.",B
1302,"What is the common method for choosing a key in some applications, as mentioned in the text? **Options:** A) Recording names on a card B) Memorizing phrases C) Storing dates electronically D) Using invisible inks",B
1303,Which of the following is a type of social engineering attack? **Options:** A) SQL injection B) Phishing C) Malware injection D) Encryption,B
1304,"In the context of cryptography, what is the main purpose of a nonce? **Options:** A) Preventing replay attacks B) Securing public key infrastructure C) Authenticating user credentials D) Ensuring cloud data confidentiality",A
1305,What can a Type 2 authentication factor include? **Options:** A) Fingerprints B) Retina pattern C) USB drive D) Facial scan,C
1306,What concept refers to the strategy of adding multiple layers of protection to delay an attacker and provide different lines of defense? **Options:** A) Defense in Breadth B) Unified Threat Management C) Defense in Depth D) Defensible Network Architecture,C
1307,"What is a trusted computing base (TCB)? **Options:** A) The predetermined set or domain (i.e., a list) of objects that a subject can access B) TCB in a computer system encompasses all the essential hardware, firmware, and software elements that are vital for its security. C) Hosts on your network that support secure transmissions D) The combination of hardware, software, and controls that work together to enforce a security policy",B
1308,What measure can potentially improve the detection of GNSS spoofing attacks? **Options:** A) Using dynamic encryption keys. B) Using advanced signal generators. C) Simultaneous receipt of spoofing signals by several receivers. D) Relaying signals by multiple attackers.,C
1309,What is the name of the mode in the 802.11 standard where wireless stations can communicate directly with each other without using an access point? **Options:** A) Ad Hoc Mode B) Station Mode C) Client Mode D) Peer Mode,A
1310,"The concept of dividing an internal network into numerous subzones, potentially as small as a single device, is known as: **Options:** A) Network Segmentation B) Microsegmentation C) Intranet D) Extranet",B
1311,"When was U.S. Patent 1,657411 for a Ciphering Machine issued to Arthur Scherbius? **Options:** A) January 24, 1928 B) September 7, 1921 C) February 12, 1935 D) December 18, 1920",A
1312,What do hoax virus warnings or alerts rely on to spread and perpetuate themselves? **Options:** A) User curiosity and urgency B) Self-propagating mechanisms C) Fake news articles D) Social engineering,A
1313,"Who should have the responsibility for maintaining and ensuring the currency and availability of security policies, standards, baselines, and guidelines applicable to the entire organization? **Options:** A) Proponent elements B) Managers C) Information security function D) Audit function",C
1314,What is the name of a technique used to gain unauthorized access by exploiting the TCP three-way handshake? **Options:** A) SQL injection B) Man-in-the-Middle attack C) Cross-site scripting (XSS) D) Denial of Service (DoS),B
1315,What is the target of a cross-site scripting attack? **Options:** A) Users B) Database server C) Third-party server D) Web server,A
1316,What refers to the removal of characteristics from an entity to easily represent its essential properties? **Options:** A) Data hiding B) Abstraction C) Least privilege D) Principle of least privilege,B
1317,What is the fundamental concept behind 'encryption' in cybersecurity? **Options:** A) To analyze the behavior of users and detect potential security threats B) To conceal the identity of the sender and recipient of data C) To authenticate the integrity of digital documents and messages D) To prevent unauthorized access to data by converting it into a format that can only be read with the correct decryption key,D
1318,Which wireless network protocol augments DSDV with authentication to provide security in the construction and exchange of routing information? **Options:** A) Wi-Fi Protected Access (WPA) B) SEAD C) SLSP D) ARAN,B
1319,In what year did the idea of using artificial satellites for communication first appear? **Options:** A) 1984 B) 1910 C) 1945 D) 1969,C
1320,What is the primary mission of a firewall? **Options:** A) Network monitoring B) Virus scanning C) Access control at the transport level D) Data encryption,C
1321,Which method has been used by the music industry to prevent unauthorized distribution of music over peer-to-peer networks? **Options:** A) Encrypting all music files with DRM before distribution B) Filing lawsuits and targeting key nodes for legal action C) Partnering with network operators to shut down peer-to-peer networks D) Conducting distributed denial-of-service attacks on peer-to-peer networks,B
1322,Which term refers to sending a packet to an IP address that is designated as a multicast address? **Options:** A) Multicast traffic B) Group traffic C) Broadcast traffic D) Unicast traffic,A
1323,What is the role of cryptography in modern-day communications? **Options:** A) To create publicly accessible encryption methods B) To protect the confidentiality and integrity of data during transmission C) To provide entertainment through encrypted messages D) To decode secret messages from historical sources,B
1324,What is a significant benefit of an ITM solution over separate security components? **Options:** A) Cost savings on licensing and capital costs. B) Maintaining equipment in multiple locations adds complexity and overhead. C) Delayed and inefficient procurement of additional security functions. D) Increased complexity and inefficiency in managing multiple separate components.,A
1325,Which component is necessary for enterprise applications to plan on at least one tier of redundancy for all critical systems and components? **Options:** A) Data backup and archival B) Network devices C) Firewalls and routers D) System hardening,A
1326,Which of the following is a primary goal of business continuity planning (BCP)? **Options:** A) Minimizing loss of business processes B) Maximizing long-term business disruptions C) Disregarding critical resources D) Increasing costs during a disaster,A
1327,What aspect of facility access is provided by a mantrap? **Options:** A) Employee training B) Physical access control C) Crowd control D) Visual surveillance,B
1328,What is the significance of preserving the integrity of the data in computer forensics investigations? **Options:** A) Recording and documenting the observations and interpretations of the data. B) Verifying the relevance and significance of the digital evidence. C) Ensuring that the evidence remains unaltered to maintain its reliability and validity. D) Preventing unauthorized access to the extracted data.,C
1329,Which of the following involves people with the requisite experience and education evaluating threat scenarios and rating the potential loss and severity of each threat based on their experience? **Options:** A) Data Mining B) Qualitative risk analysis C) Risk assessment D) Risk management,B
1330,Which command is used in a Linux/UNIX environment to modify the definition of a specified group by modifying the appropriate entry in the /etc/group file? **Options:** A) usermod B) groupmod C) chmod D) chown,B
1331,"A pentester is configuring a Windows laptop for a test. In setting up Wireshark, what driver and library are required to allow the NIC to work in promiscuous mode? **Options:** A) promsw B) winprom C) libpcap D) winpcap",D
1332,"What are the three parts in which application security is broken down? **Options:** A) Authentication, Authorization, and Accounting B) Design, Implementation, and Testing C) Application in development, Application in production, and the  COTS application that is introduced into production D) Development, Production, and Testing",C
1333,What does SSL stand for in the context of transmitting private documents via the Internet? **Options:** A) Superior Secure Link B) Secure Sockets Layer C) Safe Socket Layer D) Simple Secure Line,B
1334,"What type of probability value characterizes the chance or likelihood, in a finite sample, that an event will occur? **Options:** A) Certainty B) Probability C) Annualized Rate of Occurrence D) Variance",B
1335,What is the method by which systems verify that a user who is requesting access to a resource really is who they claim to be? **Options:** A) Identification B) Validation C) Authorization D) Authentication,D
1336,"What is a method used by antivirus software to detect new, unknown viruses that have not yet been identified? **Options:** A) hashing algorithm B) MAC filtering C) heuristic scanning D) packet filtering",C
1337,Which of the following works as a transfer agent? **Options:** A) SMTP B) IP C) SET D) ASCII,A
1338,How often are unauthorized changes to critical files checked by a change-detection mechanism according to PCI DSS Requirement? **Options:** A) At least once every week B) Periodically based on a risk analysis C) At least once every month D) At least once every 6 months,A
1339,What is NFC primarily designed for? **Options:** A) To ensure secure communication between devices. B) To exchange contact-less payment and mobile payment systems. C) To provide low-bandwidth wireless connections. D) To transmit and receive data over long distances.,B
1340,Which is an example of an asymmetric key algorithm? **Options:** A) 3DES B) DES C) RSA D) AES,C
1341,What role requires specific training in social engineering? **Options:** A) The Scheduler B) The Operator C) The Help Desk D) The Librarian,C
1342,What technology reduced losses from 0.269% of turnover in 1987 to 0.028% in 1995 in France? **Options:** A) Chip cards B) Wiretapping devices C) Web servers with SSL/TLS encryption D) Intrusion detection systems,A
1343,"In asymmetric key agreement schemes, what is absolutely essential to ensure that the agreement is secure? **Options:** A) Use of larger prime numbers B) Combining with symmetric cryptography C) Instance authentication D) Key transport schemes",C
1344,What is the practice employed in typo squatting? **Options:** A) Blocking access to malicious sites B) Creating legitimate domain names for organizations C) Redirecting traffic to legitimate sites D) Capturing and redirecting traffic from mistyped domain names,D
1345,What is the primary responsibility of the security department? **Options:** A) Responding to incidents and alarms B) Training and awareness C) Developing new systems D) Regulating hardware and software use,A
1346,How does change management ensure the quality and security of changes to the production environment? **Options:** A) By using blockchain technology B) By separating responsibility for program or system change from testing C) By conducting vulnerability assessments D) By implementing biometric access control,B
1347,What is the purpose of Control-Flow Integrity (CFI)? **Options:** A) Preventing execute restrictions on memory locations B) Randomizing memory locations to prevent attacks C) Regulating the control flow of the code to restrict attackers from altering the normal execution flow D) Preventing unauthorized data access,C
1348,"In the context of hash functions, what property ensures that finding different messages with the same hash value is hard? **Options:** A) Key distribution B) One-wayness C) Randomness D) Collision resistance",D
1349,What is the target of a command injection attack? **Options:** A) Operating system B) Web server C) User D) Database server,A
1350,"What is the key focus of Higgins as an identity management system? **Options:** A) Providing an open-source framework for developers. B) Interoperability, security, and privacy C) Enabling developers to integrate identity across different systems. D) Decentralizing architecture and providing dynamic discovery.",B
1351,Which type of authentication factor requires a one-to-one match of the offered biometric pattern against the stored pattern for the offered subject identity? **Options:** A) Logical access control B) Physical access control C) Authentication factor D) Identification factor,C
1352,Which intrusion prevention system can be used in conjunction with fences? **Options:** A) PIDAS B) Bollards C) Audio D) Infrared wave patter,B
1353,"Which authentication protocol uses an ephemeral Diffie-Hellman key exchange to achieve perfect forward secrecy? **Options:** A) Secure mutual authentication protocol B) Mutual authentication, session key, and PFS C) Symmetric key authentication protocol D) Ephemeral Diffie-Hellman for PFS",D
1354,What is the purpose of the initial permutation of the state vector in RC4? **Options:** A) To create an unpredictable initial configuration of S B) To produce a random permutation of numbers in memory C) To generate the initial key from the seed value D) To create a predictable sequence of numbers,A
1355,"Dora, a security administrator, is configuring access for a new employee in the manufacturing department. She ensures access to the manufacturing area while excluding access to the parts storage area. What best describes the principle Dora is applying? **Options:** A) Principle of authentication B) Two-person rule C) Need to know D) Least privilege",D
1356,Bob is attempting to sniff a wired network in his first pen test contract. He sees only traffic from the segment he is connected to. What can Bob do to gather all switch traffic? **Options:** A) MAC spoofing B) DOS attack C) MAC flooding D) IP spoofing,C
1357,What is the primary concern addressed by the Bell-LaPadula model? **Options:** A) Unauthorized data transfer between security levels B) Unauthorized write access to high-level data C) Unauthorized write access to low-level data D) Unauthorized read access to low-level data,C
1358,What are containers in cloud computing primarily used for? **Options:** A) Administering database access control B) Providing external storage for applications C) Implementing web application frameworks D) Isolating an application from other applications and services,D
1359,What is the Network Layer of the OSI reference model primarily responsible for? **Options:** A) Signal regeneration and repeating B) Internetwork packet routing C) LAN bridging D) SMTP Gateway services,B
1360,What is the recommended policy for connections between firewalls over public networks? **Options:** A) Connections should not be allowed over public networks. B) Connections should be approved and managed by the Network Services Manager. C) Connections should rely on third-party encryption services. D) Connections should be unencrypted for faster communication.,B
1361,What is the primary role of application gateway firewalls? **Options:** A) Monitoring network traffic and packet filtering. B) Understanding the state of a TCP connection and allowing protocol-specific applications. C) Blocking invalid packets based on predefined conditions. D) Identifying improperly constructed packets and preventing protocol-specific attacks.,B
1362,What is the primary goal of Wired Equivalent Privacy (WEP) encryption in IEEE 802.11 networks? **Options:** A) To establish private communication channels between access points and clients B) To create a secure peripheral network C) To provide an impenetrable security barrier D) To make over-the-air transmission difficult to understand,D
1363,The number of times a password should be changed is NOT a function of **Options:** A) The frequency of the password’s use B) The type of workstation used C) The responsibilities and clearance of the user D) The criticality of the information to be protected,B
1364,"What is the process of identifying, categorizing, and prioritizing vulnerabilities based on the likelihood and potential impact of exploitation? **Options:** A) Incident response B) Risk analysis C) Vulnerability scanning D) Risk rejection",B
1365,What are the key sources for obtaining privacy rules to guide company policies? **Options:** A) Industry sector regulations B) Consumer preferences C) Government jurisdictions D) Corporate rules,C
1366,Which Wi-Fi security protocol is more secure than WEP and employs a 48-bit initialization vector? **Options:** A) WPA B) WPA2 C) WPA3 D) None of the above,A
1367,What layer of the TCP/IP protocol stack is primarily responsible for reliable delivery of packets? **Options:** A) Transport layer B) Application layer C) Network layer D) Link layer,A
1368,What is the main advantage of using a best-match policy for firewall rules? **Options:** A) It provides faster match determination B) It is easier for the administrator to manage C) It allows for better rule optimization D) It avoids policy anomalies,D
1369,What is the purpose of two-factor authentication? **Options:** A) Bypassing login credentials B) Providing an additional layer of security C) Increasing password complexity D) Enhancing user convenience,B
1370,What is the importance of conducting frequent backups on a Windows system? **Options:** A) To ensure confidentiality of data B) To maintain availability of critical data C) To prioritize speed over security D) To monitor system performance,B
1371,"Which functionality class of a random number generator is generally recommended for cryptographic applications, especially for the generation of ephemeral keys? **Options:** A) NTG.1 B) PTG.2 C) PTG.3 D) DRG.3",C
1372,Which encryption method is classified as a symmetric key cryptography? **Options:** A) Diffie-Hellman B) RSA C) AES D) Diffusion,C
1373,Which common type of access control system assigns rights to job functions and not user accounts? **Options:** A) Discretionary access control B) Mandatory access control C) Rule-based access control D) Role-based access control,D
1374,"Which type of software is recommended to be installed on all microcomputers to detect, identify, isolate, and eradicate viruses? **Options:** A) Firewall Software B) Anti-Virus Software C) Encryption Software D) Intrusion Detection Software",B
1375,Which element of the CIA triad refers to the protection of data from unauthorized access and disclosure? **Options:** A) Accountability B) Confidentiality C) Authenticity D) Integrity,B
1376,What is the basis of fault tolerance in the context of system survivability in cybersecurity? **Options:** A) Encryption protocols B) Duplication of key components C) Biometric authentication D) Intrusion detection systems,B
1377,"What is the primary purpose of security templates in hardening a computer? **Options:** A) To enable logging of critical events B) To remove unnecessary programs C) To restrict permissions on files and access to the registry D) To control areas such as user rights, permissions, and password policies",D
1378,What is the primary characteristic of elasticity in virtualization and cloud solutions? **Options:** A) The capacity to handle more tasks or workloads. B) The ability to expand or contract resource utilization based on need. C) The flexibility to operate from different hardware platforms. D) The ability to automate network monitoring and response.,B
1379,What is a key consideration when implementing meaningful measures or metrics for continuity planning? **Options:** A) Measuring the success of the CP process based on traditional measures. B) Measuring the money spent on hotsites and personnel devoted to CP activities. C) Validating backup and recovery plans through routine testing. D) Focusing on measuring the CP process contribution to achieving organizational goals.,D
1380,Why is it important to have off-site computer backup for an insurance claim following a catastrophic event? **Options:** A) It reduces the cost of the claim. B) It ensures that the claim is honored by the insurance company. C) It allows the insurance company to investigate the claim effectively. D) It maximizes data recovery efforts and reduces the claim amount.,D
1381,What is a potential use of a smart card technology in addition to physical access control? **Options:** A) To facilitate computer access authentication B) To provide environmental controls C) To enforce perimeter fencing controls D) To activate emergency lighting systems,A
1382,Which step in the hardening process includes disabling unnecessary services? **Options:** A) Remove unnecessary user accounts and rename the admin/root account B) Apply the latest patches C) Install the latest service pack D) Disable unnecessary services,D
1383,Which of the following encryption methods uses a single key to both encrypt and decrypt the data? **Options:** A) SSL/TLS B) Hashing C) Asymmetric encryption D) Symmetric encryption,D
1384,What is the purpose of cyber security? **Options:** A) To promote cyberbullying B) To prevent unauthorized access to data C) To share personal information online D) To conduct financial fraud,B
1385,"Which cloud computing deployment model provides a distinct, isolated computing environment for an organization and is managed by the organization or a third party, and may exist on premise or off premise? **Options:** A) Hybrid cloud B) Public cloud C) Community cloud D) Private cloud",D
1386,"In a corporate environment, which form of encryption would be used to create a secure channel between two offices connected via a data circuit? **Options:** A) Blockchain encryption B) Transport Layer Security (TLS) C) Link Encryption D) Steganography",C
1387,Who is responsible for communicating and clarifying the assurance requirements and expectations for an IT security product under evaluation? **Options:** A) Developers B) Evaluators C) Consumers D) Liaison with CCEB,B
1388,What does encryption in software development primarily aim to do? **Options:** A) Prevent any access to the software B) Safeguard copyrighted information and prevent unauthorized access C) Facilitate the transfer of software to other countries D) Protect the software from external interference,B
1389,Users on a network authenticate using a hardware token and a four-digit PIN. Which authentication method does this describe? **Options:** A) Multifactor authentication B) Two-factor authentication C) Token authentication D) Three-factor authentication,B
1390,"As per BSI TR-03184 Information Security for Space Systems, which business process requires integrity to be classified as very high? **Options:** A) Test B) Operation C) A and B D) None of the above",C
1391,A Trojan relies on __________ to be activated. **Options:** A) Port redirection B) Vulnerabilities C) Trickery and deception D) Social engineering,C
1392,An individual user account may have rights and permissions assigned directly to it in which access control environment? **Options:** A) Role-Based Access Control (RBAC) B) Lattice-Based Access Controls C) Mandatory Access Control (MAC) D) Discretionary Access Control (DAC),D
1393,"What are the primary controls used to protect the operating system, applications, and information in the system from unauthorized alteration or destruction? **Options:** A) Preventive maintenance B) Audit trail mechanisms C) Variance detection D) Integrity controls",D
1394,What method of authentication requires presenting both something you know and something you have? **Options:** A) Two-factor authentication B) Single sign-on C) Biometric authentication D) Session key authentication,A
1395,"In the context of factorization methods, what does a smooth x-value relative to the factor base S mean? **Options:** A) It has a small prime factor B) It is divisible by p0 and p1 only C) Its factorization involves only primes in S D) It is a perfect square modulo N",C
1396,What is the primary goal of the concept of polyinstantiation in multilevel databases? **Options:** A) To restrict access to a limited subset of database attributes and/or records B) To insert false or misleading data into the database C) To subvert inference attacks by using multiple records for the same data D) To enforce semantic integrity rules in the database,C
1397,What is the term used to describe the practice of disguising a message to make it appear as normal data traffic? **Options:** A) Social engineering B) Spoofing C) Steganography D) Phishing,C
1398,Which of the following refers to the data left on the media after the media has been erased? **Options:** A) Dregs B) Remanence C) Sticky bits D) Semi-hidden,B
1399,Which of the following is a characteristic of an anomaly-based intrusion detection system (IDS)? **Options:** A) It compares current network traffic patterns to a baseline of normal behavior. B) It focuses on monitoring system logs for suspicious activities. C) It analyzes the content of network packets to detect known attacks. D) It requires frequent updates of known attack signatures.,A
1400,"What is the primary purpose of a public key infrastructure (PKI)? **Options:** A) Verification of digital signatures, Bilateral Authentication, Secure Communications B) Validation of public keys, Private key generation C) Bilateral Authentication, Transfer of symmetric keys, Obfuscation D) All of the above",A
1401,Which technology is used to protect the contents of protocol packets by encapsulating them in packets of another protocol? **Options:** A) Multimedia Collaboration B) Load Balancing C) Instant Messaging D) Tunneling,D
1402,What is the mode of operation for a Wireless Application Protocol (WAP) gateway in which the transmission is protected by WTLS and then re-encrypted for transmission using SSL on the wired network? **Options:** A) Wired Equivalency Privacy (WEP) Gap B) Wireless Transaction Protocol (WTP) Gap C) Wireless Transport Layer Security Protocol (WTLS) Gap D) Wireless Application Protocol (WAP) Gap,D
1403,"What is often used in IPsec to thwart traffic analysis, but may increase bandwidth usage and processing load? **Options:** A) Compression B) Dynamic routing C) Extra padding D) Fragmentation",C
1404,What does the acronym 'POI' stand for in the context of payment card transactions? **Options:** A) Point of Inquiry B) Point of Interaction C) Payment Operations Integration D) Payment Options Interface,B
1405,What was the key theoretical result established by Luby and Rackoff in 1988 regarding Feistel ciphers? **Options:** A) Indistinguishability from a pseudorandom permutation under a chosen plaintext attack B) Indistinguishability from a random permutation under a known plaintext attack C) Demonstration of pure randomness under any chosen plaintext/ciphertext attack D) Indistinguishability from a random permutation under a known ciphertext attack,A
1406,What is the recommended practice to protect sensitive information while it is being transmitted over the internet? **Options:** A) Leaving information unencrypted B) Sharing sensitive information through unsecured emails C) Publishing sensitive information on public platforms D) Using encryption,D
1407,What kind of data backup is often neglected in the desktop environment? **Options:** A) Update backup B) Primary storage backup C) Online storage backup D) Archive backup,D
1408,What is the purpose of the Transport Layer in the TCP/IP protocol suite? **Options:** A) Adding physical layer headers to the transmitted data B) Performing data flow between application and network layers C) Removing the network frame upon receiving data D) Handling data flow between applications on different hosts,D
1409,What is the purpose of a risk assessment in cybersecurity? **Options:** A) To create and implement policies and procedures to ensure high levels of security. B) To transfer financial costs of a successful computer attack to the insurance carrier. C) To eliminate all risk factors and prevent system compromise. D) To assess and evaluate the security of an organization.,D
1410,You have been asked to deploy a biometric system to protect your company's data center. Management is concerned that errors in the system will prevent users from accepting the system. Management stipulates that you must deploy the system with the lowest crossover error rate (CER). Identify one of the terms used in biometrics to determine CER? **Options:** A) ERR B) ACL C) FAR D) EAR,C
1411,Which of the following areas are governed by rules of evidence? **Options:** A) Prohibition of some categories of hearsay evidence B) Presentation and examination of evidence before a tribunal C) Introduction and examination of expert testimony D) All of the above,D
1412,"For any Referential Integrity foreign key attribute, the referenced relation must have that **Options:** A) A tuple with the same value for its primary key B) An attribute with the same value for its other foreign key C) An attribute with the same value for its secondary key D) A tuple with the same value for its secondary key",A
1413,How many layers are there in the OSI model? **Options:** A) 6 B) 5 C) 7 D) 8,C
1414,What layer of the OSI model provides a translation of data that is understandable by the next receiving layer? **Options:** A) Transport B) Session C) Presentation D) Application,C
1415,What is the purpose of a SQL injection attack? **Options:** A) To crash the database server B) To extract passwords from the database C) To execute arbitrary SQL commands on the database D) To delete tables from the database,C
1416,What is the primary purpose of Digital Rights Management (DRM) technology? **Options:** A) To protect the integrity of operating systems B) To authenticate users and provide access control C) To manage access to digital content and prevent unauthorized distribution D) To secure software development processes,C
1417,What is the focus of the reliability perspective within the architecture? **Options:** A) System security B) Frequency of system failures C) Business operations D) Data handling,B
1418,"In intrusion detection systems, what is a false-positive alarm? **Options:** A) When the system fails to generate any alarms B) When the system fails to detect a real intrusion C) When legitimate network traffic resembles a known attack pattern D) When the system correctly identifies malicious activities",C
1419,"What is the term used to describe the practice of tricking individuals into providing sensitive information such as usernames, passwords, and credit card details? **Options:** A) Encryption B) Firewall C) Phishing D) Malware",C
1420,What is the most common reaction to the loss of physical and infrastructure support? **Options:** A) Vulnerability scanning B) Tightening of access controls C) Waiting for the event to expire D) Deploying OS updates,C
1421,Which of the following is a true statement regarding warrants and seizure on an individual's property? **Options:** A) A manager without a warrant can seize the information on a computer at a company that contains suspected child pornography information if the manager was directed by a police officer to obtain this information B) If law enforcement has a warrant for a home computer in a case of suspected child pornography they can also confiscate the computers at the homeowner's office C) Police do not have to have a warrant for most cases of property seizure D) A manager falls under the same restrictions as law enforcement agents if she follows the instruction of a law enforcement agent,D
1422,Which of the following is a simple security protocol used to prevent friendly fire incidents? **Options:** A) Secure Entry Protocol B) ATM Transaction Protocol C) MiG-in-the-Middle Protocol D) Identify Friend or Foe Protocol,D
1423,Which key combination helps to secure the logon process in Windows? **Options:** A) Alt+F4 B) Ctrl+Alt+Del C) Ctrl+Shift+Esc D) Windows+R,B
1424,What is the function of the base station in a wireless network? **Options:** A) To provide encryption for the communication signals B) To connect to the land-based wired communication infrastructure C) To route data to a second communication unit D) To transmit signals to and receive signals from communication devices,D
1425,"What makes web 2.0 applications more vulnerable to security threats compared to web 1.0 applications? **Options:** A) Web 2.0 applications lack proper user authentication mechanisms. B) Web 2.0 applications allow simultaneous uploading and downloading, providing more attack surface. C) Web 2.0 applications have simpler data validation techniques. D) Web 2.0 applications use advanced encryption methods that are easier to bypass.",B
1426,What is the maximum segment length supported by 10Base-T using Category 3 wiring? **Options:** A) 150 meters B) 500 meters C) 185 meters D) 100 meters,D
1427,"What is the primary purpose of the Common Criteria for Information Technology Security Evaluation (Common Criteria, or CC)? **Options:** A) Creating a universal baseline for network security policies B) Classifying vulnerabilities and threats to information systems C) Enhancing the usability and functionality of computer systems D) Providing a standardized way for vendors to make security claims",D
1428,What type of architecture is a modern application often implemented using? **Options:** A) Virtualization B) Emulation C) Microservice D) Serverless,C
1429,What protocol is used in the cellular network to deliver call routing information? **Options:** A) Internet Protocol Security (IPsec) B) Mobile Application Part (MAP) C) Telecommunications Information Networking Architecture (TINA) D) Paging Protocol (PP),B
1430,Which method of monitoring analyzes network traffic for predetermined attack patterns? **Options:** A) Behavior-based monitoring B) Anomaly-based monitoring C) Heuristic monitoring D) Signature-based monitoring,D
1431,Which improvement does third-generation mobile phones provide over GSM with respect to the two-way authentication? **Options:** A) It ensures the sequence number is masked with an anonymity key. B) It provides a public-key encryption mechanism for authentication vectors during transit. C) It uses a stronger cipher for content confidentiality. D) It prevents IMSI-catchers from being effective.,D
1432,"If you were to see the following in a packet capture, what would you expect was happening? ' or 1=1; **Options:** A) XML external entity injection B) SQL injection C) Command injection D) Cross-site scripting",B
1433,"What protocol is intended to be used and resolved on the local network, and won't resolve using DNS unless DNS is configured to use the same names and IP addresses? **Options:** A) HTTP B) SMTP C) SMB D) SNMP",C
1434,What is the primary purpose of a written acknowledgment from a third-party service provider? **Options:** A) To shift all security responsibilities to the third-party provider B) To demonstrate the commitment to maintaining proper security of account data C) To avoid the need for continuous monitoring D) To absolve the entity from any accountability,B
1435,"In the context of firewall architectures, what does a multi-homed host refer to? **Options:** A) A host with restricted network access B) A host with two network interfaces C) A host with only one network interface D) A host with load balancing capabilities",B
1436,Why are formal methods not infallible in verifying the security of cryptographic protocols? **Options:** A) They depend on assumptions that may not be practical and can contain errors in theorems B) They often lead to overconfidence in the security of protocols C) They are not widely accepted in the industry D) They require excessive time and resources,A
1437,"According to J.M. Kizza, what are the six types of intrusions? **Options:** A) Malicious use, vulnerability assessment, penetration of security control system, leakage, denial of service, and masquerade attacks. B) Attempted break-ins, malicious use, physical intrusion, unauthorized access, data breach, and denial of information. C) Attempted break-ins, masquerade attacks, penetrations of the security control system, leakage, denial of service, and physical intrusion. D) Physical intrusion, unauthorized access, leakage, data breach, denial of service, and malicious use.",C
1438,Who is responsible for building IT security controls into the design and implementations of the systems? **Options:** A) Data/information owner B) Information System Auditor C) IT personnel D) End User,C
1439,What is the term for a network security control that allows or denies traffic based on the port number and IP protocol? **Options:** A) VPN B) Intrusion Prevention System (IPS) C) Proxy server D) Firewall,D
1440,"In the TLS Record Protocol, what is the last step of processing before transmitting a unit in a TCP segment? **Options:** A) Adding a MAC B) Fragmenting the data C) Encrypting the data D) Compressing the data",C
1441,"Which protocol is used to provide for reliable, sequenced, full duplex messages with flow control? **Options:** A) File Transfer Protocol (FTP) B) Transmission Control Protocol (TCP) C) Simple Mail Transfer Protocol (SMTP) D) Internet Protocol (IP)",B
1442,What feature of VPNs is used to generate detailed reporting of remote access and VPN network use for internal cost-accounting purposes? **Options:** A) RADIUS-based authentication. B) IPSec Tunnel Mode encryption. C) RAS Reporting and Internal Usage Chargeback. D) L2TP Integration.,C
1443,Which component is essential to include in a system security policy to determine the access rights of different user groups to certain system resources? **Options:** A) Physical security of resources and site environment B) Logical access restriction to the system resources C) Cryptographic restrictions D) Security Policy access rights matrix,D
1444,What is the primary function of a hardware security module (HSM) in a cryptographic environment? **Options:** A) To secure and manage cryptographic keys B) To manage encryption algorithms C) To monitor network traffic for security threats D) To ensure physical security of server rooms,A
1445,Which layer of the OSI model does user-to-network connectivity primarily leverage through a virtual private network (VPN)? **Options:** A) Transport layer B) Application layer C) Data link layer D) Network layer,D
1446,"Which term describes a program that is used to detect, prevent, and remove malware? **Options:** A) Firewall B) Antivirus C) Proxy server D) Router",B
1447,Where can Security Identifiers (SIDs) and Resource Identifiers (RIDs) be found in a Linux system? **Options:** A) /usr/local/bin folder B) /etc/group file C) /etc/passwd file D) /var/log/syslog file,C
1448,"What law in Canada restricts how commercial businesses may collect, use, and disclose personal information? **Options:** A) Personal Information Protection and Electronic Documents Act (PIPEDA) B) USA PATRIOT Act C) Electronic Communications Privacy Act D) Trade Secrets Act",A
1449,Which privacy paradigm focuses on providing users with the means to decide what information they will expose to the adversary? **Options:** A) Privacy as confidentiality B) None of the above C) Privacy as informational control D) Privacy as transparency,C
1450,What is the purpose of remediation in cybersecurity risk management? **Options:** A) To assist in the evaluation of risk and provide financial protection in the event of a security breach. B) To understand the report that the assessment yields and prioritize areas of vulnerability that need immediate attention. C) To assess and evaluate the security of an organization. D) To create and implement policies and procedures to ensure high levels of security.,B
1451,What is the purpose of a Crisis Communications Plan (CCP)? **Options:** A) Ensuring rapid system recovery after a major disruption B) Addressing communications with personnel and the public during a crisis C) To provide disaster recovery procedures at an alternate site D) Facilitating recovery of major disruptions at an alternate site,B
1452,"According to the principles of continuity planning, what should be facilitated during recovery strategy development? **Options:** A) Selection and assignment of recovery team members B) Implementation of additional insurance policies C) Recovery plan testing D) Development of long-term maintenance strategies",A
1453,What is the purpose of integrity checking on a firewall? **Options:** A) To ensure that no unauthorized personnel can access the firewall B) To create a secure backup of the firewall configuration C) To optimize the firewall's performance D) To notify the system administrator of any changes to critical files,D
1454,What is the purpose of a cryptographic system? **Options:** A) To prevent any unauthorized access to a computer system B) To improve the processing speed of a computer C) To transform information into an unreadable format for secure storage or transmission D) To create complex algorithms for software development,C
1455,What type of DNS record is used to indicate the host to which email should be sent for a domain? **Options:** A) AAAA record B) NS record C) A record D) MX record,D
1456,What is the primary benefit of a  burstable TCP service for Internet users? **Options:** A) Improved overall network security B) Reduced network bandwidth consumption C) Flexible bandwidth utilization based on demand D) Faster webpage loading times,C
1457,What technique focuses on the security of network protocols and the internet architecture? **Options:** A) Transport-Layer Security B) Network Layer Security C) Link Layer Security D) Application-Layer Security,B
1458,Which algorithm can be used to determine if a given number is prime with high probability? **Options:** A) Miller-Rabin primality test B) S-DES key schedule C) RSA encryption algorithm D) Rijndael algorithm,A
1459,What security element defines step-by-step workflows or instructions for how a task should be accomplished? **Options:** A) Policies B) Standards C) Procedures D) Plans,C
1460,What is a control against the threat of sending unauthorized update files to VPN clients? **Options:** A) Cryptography and digital signatures to digitally sign the update file B) Using LDAP over SSL (LDAPs) for secure path transfer of updates C) Ensuring the VPN server has the capacity to efficiently process the VPN traffic D) Encrypting the actual configuration file on the remote user computer,A
1461,During which phase of incident response are systems returned to a normal state? **Options:** A) Recovery B) Containment C) Detection D) Eradication,A
1462,Which approach was commonly used to prevent unauthorized copying of software by adding hardware uniqueness to PCs? **Options:** A) Using a dongle attached to the parallel port B) Burning holes in a master diskette with a laser C) Marking a sector of the hard disk as bad D) Storing the PC's configuration and requiring a phone call if it changed,A
1463,What is the purpose of the Computer Policy Guide? **Options:** A) To develop a framework for securing computer networks. B) To offer sample policies for information security and usage. C) To provide security risk management and compliance software. D) To provide a centralized cybersecurity management tool.,B
1464,"What is the key difference between tokenization and pseudonymization in data protection? **Options:** A) Tokenization only applies to credit card transactions, while pseudonymization applies to all types of data B) Tokenization uses tokens to represent data, while pseudonymization uses pseudonyms to represent data C) Tokenization replaces data with artificial identifiers, while pseudonymization represents data in an encrypted format D) Tokenization represents all data with artificial identifiers, while pseudonymization uses a token to replace data",B
1465,What factor is crucial in determining the type and scope of managed security services offered by Managed Security Service Providers (MSSPs)? **Options:** A) The MSSP's ability to provide dedicated systems for each customer's unique security needs B) The compatibility of the organization's existing security infrastructure with the MSSP's proprietary software C) The MSSP's ownership of the customer premise equipment (CPE) D) The extent to which the organization is willing to relinquish control over its security infrastructure,D
1466,What advanced virus technique modifies the malicious code of a virus on each system it infects? **Options:** A) Stealth B) Encryption C) Polymorphism D) Multipartitism,C
1467,What anomaly occurs when only a portion of the packets of a later rule matches an earlier rule? **Options:** A) Rule duplication B) Rule masking C) Shadowing D) Half shadowing,D
1468,What should an IT security awareness campaign be in terms of delivery and simplicity? **Options:** A) Simple and straightforward B) Supported by complicated management protocols C) Managed solely by IT department D) Expensive and complicated,A
1469,What is the main reason for implementing whole disk encryption on a computing device? **Options:** A) To prevent unauthorized access through a firewall B) To protect data stored on the device C) To ensure physical security of the device D) To enhance network performance,B
1470,What is the best way to establish host-based security for an organization’s workstations? **Options:** A) Installing antivirus software B) Deploying database and web servers C) Using firewalls for individual computers D) Implementing Group Policy objects (GPOs),D
1471,"Which type of cryptographic system relies on the use of a trusted third party to issue, manage, and revoke digital certificates? **Options:** A) DES B) AES C) PKI D) RSA",C
1472,What type of attack involves trying every possible password instance? **Options:** A) Guessing B) Dictionary attack C) Brute-force attack D) Cryptanalysis attack,C
1473,Which of these would be an example of a loss of integrity? **Options:** A) Bad blocks flagged on disk B) Credit cards passed in cleartext C) Memory failures causing disk drivers to run incorrectly D) User making changes to a file and saving it,C
1474,An IDS installed on the network perimeter sees a spike in traffic during off-duty hours and begins logging and alerting. Which type of IDS is in place? **Options:** A) Anomaly based B) Packet filtering C) Signature based D) Stateful,A
1475,Which media control below is the BEST choice to prevent data remanence on magnetic tapes or floppy disks? **Options:** A) Overwriting the media with new application data B) Making sure the disk is re-circulated as quickly as possible to prevent object reuse C) Degaussing the media D) Applying a concentration of hydriodic acid (55% to 58% solution) to the gamma ferric oxide disk surface,C
1476,What tool can be used for an automated security code review to find instances of insecure coding patterns and to help ensure that secure coding policies are being followed? **Options:** A) Cryptography Standards B) Static Analysis Security Testing C) Dynamic Analysis Security Testing D) Threat Modeling,B
1477,How do server-side request forgery (SSRF) attacks exploit a vulnerability? **Options:** A) By tricking a server into visiting a URL B) By executing commands on the user's behalf C) By embedding scripts into a web page D) By disclosing user credentials,A
1478,What does the ACK packet represent in the TCP three-way handshake? **Options:** A) The client has acknowledged the server's request to close the connection. B) The server has acknowledged the client's initial sequence number. C) The client has received and acknowledged the server's initial sequence number. D) The client has finished data transfer and is ready to terminate the connection.,C
1479,What is one of the possible vulnerabilities that Bluetooth suffers from? **Options:** A) Leaking calendars and address books through the Bluetooth protocol. B) An attacker can remotely control a phone to make phone calls or connect to the Internet. C) Mobile phone worms can exploit a Bluetooth connection to replicate and spread. D) All of the above,D
1480,Which statement is correct about ISDN Basic Rate Interface? **Options:** A) It offers 23 B channels and 1 D channel B) It offers 30 B channels and 1 D channel C) It offers 2 B channels and 1 D channel D) It offers 1 B channel and 2 D channels,C
1481,A breach is generally an impermissible use or disclosure that compromises the security or privacy of the protected information. What must you do to determine if a data breach must be reported? **Options:** A) Check with law enforcement such as the FBI B) Examine existing laws and regulations C) Verify the breach in log history D) Follow procedures in your DRP,B
1482,What is one of the most important features of a stream cipher in terms of producing the keystream? **Options:** A) Long periods without repetition B) Predictable keystream generation C) High computational complexity D) Statistically predictable keystream,A
1483,Which of the following is not a task in the risk assessment process? **Options:** A) Asset valuation B) Cost/benefit analysis C) Threat analysis D) Project sizing,D
1484,What is cyber-terrorism? **Options:** A) Creating and spreading computer viruses. B) Intercepting data transmission over the internet. C) Unlawful attacks and threats of attack against computer networks and the information stored therein when done to intimidate or coerce a government or its people in furtherance of political or social objectives. D) Gaining unauthorized access to a computer system or data with malicious intent.,C
1485,"In digital watermarking, what is the purpose of embedding a small amount of information within a file? **Options:** A) To make the file unusable B) To introduce errors into the file C) To hide data without changing the file D) To compress the file",C
1486,What is the purpose of a logon script in a computer system? **Options:** A) To provide a graphical user interface to users B) To map local drive letters to network shares or launch programs at user logon C) To provide encryption for sensitive information D) To monitor user activities and behaviors,B
1487,What does the chain of evidence show in a criminal investigation? **Options:** A) Who will testify at trial B) Who obtained the evidence and who had control or possession of it C) Where the evidence was obtained D) Who committed the crime,B
1488,What is the primary purpose of a firewall in network security? **Options:** A) To filter out data that the user is not authorized to access B) To prevent unauthorized access to data resulting from hardware or software failure C) To control access to computer files D) To shield the trusted network from unauthorized users,D
1489,"What security feature is included in a multifunction device (MFD), which combines several security components including application filtering, IDS, IPS, and antivirus/antimalware scanning? **Options:** A) Web Security Gateway B) Circuit-Level Firewall C) Next-Generation Firewall (NGFW) D) Stateful Inspection Firewall",C
1490,"Which means of authentication is based on something you know, such as a PIN or password? **Options:** A) Type 2 B) Type 3 C) Type 1 D) Type 4",C
1491,How is cyber espionage generally regarded under international law during peacetime? **Options:** A) It is not generally considered a violation of international law. B) It is considered a violation of international law. C) It is regarded as a war crime. D) It is seen as a breach of the state's sovereignty.,A
1492,"In the TCP/IP protocol stack, which layer attaches its own header to the file and sends the document to the network layer? **Options:** A) Physical layer B) Transport layer C) Network layer D) Data-link layer",B
1493,Which command is used to reset all IPv6 configuration states on a Windows machine? **Options:** A) reset ipv6 B) netsh interface ipv6 reset C) clearipv6 D) resetnetwork,B
1494,Which entity is responsible for maintaining and certifying a large database that is continually changing in public key cryptography? **Options:** A) Digital certificate B) Certificate authority C) Key distribution center D) Key server,B
1495,What is the primary goal of granting access to users based on least privileges? **Options:** A) To increase the organization's efficiency. B) To achieve workforce empowerment. C) To demonstrate respect for users' privacy. D) To prevent unauthorized access and privilege abuse.,D
1496,"In the XOR function, what value is returned when both input values are true? **Options:** A) None B) True C) Random D) False",D
1497,"An individual presents herself at your office claiming to be a service technician. She is attempting to discuss technical details of your environment such as applications, hardware, and personnel used to manage it. This may be an example of what type of attack? **Options:** A) Perimeter screening B) Access control C) Behavioral engineering D) Social engineering",D
1498,What is a primary benefit of using images when deploying new systems? **Options:** A) Provides a baseline for configuration management B) Reduces vulnerabilities from unpatched systems C) Provides documentation for changes D) Improves patch management response times,A
1499,Which flag is used with nmblookup to perform a broadcast address lookup for a specific system? **Options:** A) -S B) -B C) -a D) -R,B
1500,"Norbert is the security administrator for a public network. In an attempt to detect hacking attempts, he installed a program on his production servers that imitates a well-known operating system vulnerability and reports exploitation attempts to the administrator. What is this type of technique called? **Options:** A) Bear trap B) Firewall C) Pseudo-flaw D) Honey pot",C
1501,What cryptographic attack exploits the properties of the RSA algorithm by selecting blocks of data to analyze for cryptanalysis? **Options:** A) Chosen ciphertext attack B) Probable-message attack C) Brute force attack D) Mathematical attack,A
1502,What does the TrustAnchors parameter specify in the Server-based Certificate Validity Protocol (SCVP)? **Options:** A) The allowed key usage policies B) Set of certificates that must be at the top of any acceptable certificate chain C) CRL extensions D) Certificates that the SCVP server is trusted to use,B
1503,Which of the following is a best practice for data backup in cybersecurity? **Options:** A) Making backup copies only for non-essential data. B) Storing backup data on the same server as the original data. C) Implementing regular automated backups to a separate location or cloud storage. D) Backing up data only once a year to save storage space.,C
1504,What is the purpose of the Padding field in the ESP packet format? **Options:** A) It is used to remove null characters from the plaintext B) It expands the plaintext to the required length for encryption. C) It expands the ciphertext to the required length for encryption. D) It provides cryptographic synchronization data like an initialization vector.,B
1505,What does a formal security awareness program aim to make all personnel aware of? **Options:** A) The threat landscape only B) All elements of PCI DSS requirements C) The organization’s overall information security policy and procedures D) All of the above,C
1506,Why is user training and awareness essential for maintaining a secure information system? **Options:** A) To increase the complexity of network passwords. B) To ensure that employees can recognize and respond to security threats. C) To outsource cybersecurity operations to specialized firms. D) To shift the responsibility of cybersecurity to external stakeholders.,B
1507,What does the term 'man-in-the-middle attack' refer to in the context of instant messaging? **Options:** A) A hacker gaining access to an IM server and intercepting messages B) An attacker impersonating a legitimate user in an IM conversation C) An attack in which a third party intercepts and relays messages between two legitimate users D) An attack by a third party posing as a legitimate broker in an IM transaction,C
1508,Which approach to intrusion detection defines attack signatures and monitors system activity for the presence of these signatures? **Options:** A) Learning detection B) Anomaly detection C) Misuse detection D) Pattern matching,C
1509,Which operating system uses an access control mechanism based on the concept of access control lists (ACLs)? **Options:** A) Linux B) Unix C) Windows NT D) AS/400,C
1510,Which practice involves taking steps to protect data on mobile devices and ensuring that mobile devices include data storage abilities? **Options:** A) Mobile Device Management B) Media Protection Techniques C) Configuration Management D) Shared Responsibility with Cloud Service Models,A
1511,Which type of authentication system uses a challenge-response method to generate passwords or responses? (Select the option that best apply) **Options:** A) Kerberos B) Token C) MAC D) SSO,B
1512,Key escrow is an example of which of the following security principles? **Options:** A) Need to know B) Two-factor authentication C) Least privilege D) Split knowledge,D
1513,What type of technology should be used to synchronize system clocks and time across all systems? **Options:** A) Bluetooth synchronization B) Network Time Protocol (NTP) C) Light-based time synchronization D) Radio-controlled time synchronization,B
1514,Which phase entails setting up a C&C infrastructure and a communication protocol to control the infected computer in the Cyber Kill Chain model? **Options:** A) Delivery B) Weaponization C) Command and control D) Reconnaissance,C
1515,What was the primary target of online blackmail attacks at the beginning of the 2000s?? **Options:** A) Online banking systems B) Social media networks C) E-commerce websites D) Online bookmakers,D
1516,What system uses reflections of commercial radio and television broadcast signals to detect and track airborne objects? **Options:** A) Stealth Technology B) Cellular Jamming C) Passive Coherent Location D) Terrain Bounce,C
1517,Which of the following is not a fundamental characteristic of program forensics? **Options:** A) Error analysis B) Legal considerations C) Noncontent analysis D) Content analysis,B
1518,What does cryptanalysis aim to accomplish? **Options:** A) The computation of plaintext and key from ciphertext B) The creation and development of cryptographic systems C) The recovery of plaintext and/or key from ciphertext D) The concealment of plaintext and key from ciphertext,C
1519,What abbreviation refers to the mechanism for reducing the need for globally unique IP addresses by allowing an organization with addresses that are not globally unique to connect to the Internet? **Options:** A) NIC B) ISP C) NAT D) TCP,C
1520,Why is a security policy considered a living document? **Options:** A) Because it mandates daily security training for employees B) Because it is legally binding and subject to change with new regulations C) Because it needs formal sign-off from each employee in the organization D) Because it requires continuous updates and revisions to remain effective,D
1521,Which of the following is a fundamental approach to achieving appropriate security in application systems development? **Options:** A) Neglecting security to reduce development costs B) Relying solely on access controls to protect systems C) Implementing encryption for all data transmission D) Utilizing defense-in-depth and designing security into the overall system structure,D
1522,Which of the following terms refers to the practice of identifying and correcting security vulnerabilities? **Options:** A) Security compliance B) Vulnerability assessment C) Security bypass D) Security mitigation,B
1523,What type of attacks did the Triton malware specifically target in industrial control systems? **Options:** A) Sensor networks B) Safety systems C) Supervisory control systems D) Wireless communication systems,B
1524,What is the primary purpose of edge computing? **Options:** A) Utilization of centralized application execution on remote systems B) Focusing on centralized data processing C) Optimizing bandwidth use and minimizing latency D) High dependency on cloud services,C
1525,What is phishing in the context of cybersecurity? **Options:** A) A protocol used for secure communication over a computer network. B) A type of malware that spreads rapidly through networks. C) A fraudulent attempt to obtain sensitive information by pretending to be a trustworthy entity. D) A method of authenticating a user's identity.,C
1526,"What are the three elements necessary for a piece of information to qualify as a trade secret? **Options:** A) It must be a genuine secret, have no economic value, and the owner should not take any steps to protect it. B) It must be a genuine secret, provide economic advantages, and the owner must take reasonable steps to keep it secret. C) It must be publicly known, provide economic advantage, and not be easily ascertainable by the public through proper means. D) It must be a genuine secret, have no economic value, and be readily ascertainable by the public through proper means.",B
1527,What happens during call block in a cellular network? **Options:** A) Capacity is increased by adding new channels B) Calls are terminated when users hang up C) Frequency channels are borrowed from adjacent cells D) Capacity decreases due to high user density in the cell,D
1528,"What type of attack occurs when an attacker is positioned between the two endpoints of a communication link, allowing the attacker to intercept and alter the content of the messages exchanged? **Options:** A) Spoofing attack B) Brute force attack C) Replay attack D) Man-in-the-middle attack",D
1529,What role is responsible for ensuring that data is properly protected according to the defined classification scheme? **Options:** A) Data Owners B) Users C) Information Systems Auditors D) Information Systems Security Professionals,A
1530,Which one of the following intrusion detection systems makes use of an expert to detect anomalous user activity? **Options:** A) AAFID B) PIX C) NIDES D) IDIOT,C
1531,What is one critical factor in evaluating the instructional material effectiveness in an information system security training program? **Options:** A) Limited access to evaluation resources B) Resources devoted to evaluating the instructional material C) Lack of evaluation throughout the program D) Senior management's limited engagement,B
1532,Which assessment attempts to quantify the likelihood that vulnerabilities will be exploited by hostile persons? **Options:** A) Physical Security B) Configuration Management C) Vulnerability Assessment D) Risk Assessment,D
1533,Which technology aims at providing voice communication over IP networks? **Options:** A) Modems B) PBX equipment C) VoIP D) LAN,C
1534,What is the primary concern about the Convention’s requirements related to ISP records? **Options:** A) Excessive burden on ISPs and potential misuse of users' data. B) Infringement of intellectual property rights and limitations of Internet freedom. C) Legal conflicts between national laws and international obligations. D) Technical challenges in implementing required data collection.,A
1535,"In the early days of outsourced data center operations, what role did confidentiality play in the contracts? **Options:** A) It was often violated B) It was a crucial factor C) It was not a significant factor D) It was only enforced in the court of law",B
1536,What is a common target of social engineering attacks? **Options:** A) IT managers and security personnel B) Administrative assistants and help desk personnel C) Maintenance and janitorial staff D) Top-level executives,B
1537,What phase of the ATT&CK Framework involves an attacker gathering information about the target? **Options:** A) Privilege escalation B) Resource development C) Reconnaissance D) Lateral movement,C
1538,iOS is based on which operating system? (Select the most appropriate option) **Options:** A) Unix B) Windows C) OS X D) Linux,C
1539,"Which choice below is the BEST description of a Protection Profile (PP), as defined by the Common Criteria (CC)? **Options:** A) A statement of security claims for a particular IT security product B) The IT product or system to be evaluated C) An intermediate combination of security requirement components D) A reusable definition of product security requirements",D
1540,What is the primary purpose of a secure hash function in the deployment of a security system? **Options:** A) Ensuring the uniformity of security practices in the organization B) Ensuring compatibility with diverse security technologies in the network C) Providing a fingerprint of the input data and protecting the integrity of the data D) Negotiating the encryption mechanism in SSL,C
1541,Which malware type can move from one system to another without the assistance of a user or another program? **Options:** A) Worm B) Adware C) Trojan D) Spyware,A
1542,Why is the assessment of economic value important in physical and IT security? **Options:** A) To enable comparison of physical and IT security measures B) To determine the cost of recovery and replacement C) To establish an equitable budget for security enhancements D) To weigh the cost of protection against the loss value,D
1543,"What is the relationship between Fermat's theorem and the Chinese Remainder Theorem (CRT) in number theory? **Options:** A) Fermat's theorem helps in finding the modular exponential, while the CRT helps in finding the remainders modulo a set of pairwise relatively prime moduli B) Fermat's theorem provides a criterion for primality, while the CRT gives a way to find remainders of an integer C) Fermat's theorem states the existence of prime numbers, while the CRT gives guidelines to find solutions to linear congruences D) Fermat's theorem provides a method to solve systems of linear congruences, while the CRT states the existence of prime numbers",A
1544,"What type of attack impersonates a legitimate access point and can be used to capture data, collect authentication information, or perform other attacks on wireless stations? **Options:** A) Key reinstallation attack B) Evil twin attack C) Deauthentication attack D) Bluesnarfing attack",B
1545,"What is the purpose of maintaining a current list of all system components in the PCI DSS environment? **Options:** A) To identify all locations where account data is stored, processed, and transmitted. B) To inform internal personnel about the structure of the CDE. C) To facilitate physical asset tracking. D) To establish communication channels with third-party entities.",A
1546,Which tool is commonly used for identifying remote procedure calls on systems? **Options:** A) nmap B) nmblookup C) rpcinfo D) nbtstat,C
1547,"What security measure can help prevent unauthorized access to corporate resources for companies that allow BYOD in their Wi-Fi networks? **Options:** A) Implementing biometric authentication for all BYOD users B) Enforcing single sign-on for BYOD devices C) Using a separate, isolated network for untrusted users D) Allowing open access to all corporate resources",C
1548,"What type of attack consumes the resources on a web server, preventing it from being used by legitimate users? **Options:** A) Buffer Overflow attack B) Cross-Site Scripting (XSS) attack C) Denial-of-Service (DoS) attack D) IP Fragmentation/Fragmentation Attack",C
1549,Why is the investment in technology critical for organizations in today's networked environment? **Options:** A) To quickly restore system operations after a crash. B) To eliminate system malfunctions completely. C) To develop a cost-effective investigative methodology. D) To ensure maximum system availability and effective utilization.,D
1550,What is the main focus of the ITsecurityEvents organization? **Options:** A) Information security newsletter and blog B) Calendar listing IT security events worldwide C) Global trade association for the Automatic Identification and Data Capture (AIDC) industry D) Monthly security tips and alert mailing list,B
1551,Which type of IPS monitoring requires that updates be regularly installed to ensure effectiveness? **Options:** A) Signature-based B) Behavior-based C) Anomaly-based D) Network-based,A
1552,What is the property of a public key cryptosystem where it is not computationally feasible for a user to determine the private key from the public key? **Options:** A) Digital signature B) Trusted authority C) Key distribution D) One-way function,D
1553,What is the main purpose of a disaster recovery plan (DRP)? **Options:** A) To ensure daily business operations run smoothly B) To delineate the responsibilities of employees in various departments C) To ensure compliance with industry standards and regulations D) To provide a plan for the recovery and continuation of business operations in the event of a disaster,D
1554,"What is the role of memory savers in high-end cryptoprocessors? **Options:** A) To move data around the memory to prevent it from being burned in or experiencing remanence. B) To trigger destruction of the secrets inside upon tampering. C) To resist environmental conditions such as noise, dirt, and vibration. D) To prevent attacks involving monitoring of RF and other electromagnetic signals.",A
1555,What is the purpose of a knowledge-based Intrusion Detection system? **Options:** A) To dynamically detect deviations from learned patterns of user behavior B) To intercept and analyze network packets in real time C) To protect against file server hard disk crashes D) To use a database of previous attacks and known system vulnerabilities to look for current attempts to exploit vulnerabilities,D
1556,Which utility is a command-line TCP/IP packet crafter that allows for the creation of custom packets for testing? **Options:** A) hping3 B) Netstat C) Nmap D) Netcraft,A
1557,Which delivery method is commonly used for phishing attacks? **Options:** A) Physical intrusion and theft B) Direct mail to physical addresses C) Telephone calls and voicemails D) Web-based methods and email,D
1558,What role does the A38 one-way function play in the GSM authentication process? **Options:** A) Verifying user identity B) Generating random numbers C) Deriving the response and session key D) Encrypting voice data,C
1559,"A company server is currently operating at near maximum resource capacity, hosting just seven virtual machines. Management has instructed you to deploy six new applications onto additional VMs without purchasing new hardware since the IT/IS budget is exhausted. How can this be accomplished? **Options:** A) Data sovereignty B) Infrastructure as code C) Serverless architecture D) Containerization",D
1560,Which wireless technology is used in the Global System for Mobile Communications (GSM)? **Options:** A) Time Division Multiple Access (TDMA) B) Orthogonal Frequency Division Multiplexing (OFDM) C) Code Division Multiple Access (CDMA) D) Frequency Division Multiple Access (FDMA),A
1561,"What does the Physical Security Domain aim to protect? **Options:** A) Physical assets such as furniture and fixtures. B) Only the digital information assets of the business enterprise. C) Only the information security systems within the facility. D) The entire facility, including people, equipment, and information.",D
1562,What is one of the effects of CCTV cameras in the workplace? **Options:** A) Improved compliance with security protocols B) Enforcement of strict dress codes C) Increased trust between employees and management D) Decrease in productivity levels,A
1563,What type of attack occurs when an attacker attempts to fill up the hard drive on a server by uploading mass files? **Options:** A) Semaphore Attack B) Poison Null Byte Attack C) Upload Bombing D) Buffer Overflow,C
1564,"In the context of privacy breach response planning, what is the primary action to undertake regarding potential data breaches? **Options:** A) Receive notification of potential incidents B) Ensure that all relevant documents are up-to-date and available to all employees C) Identify and record the locations of personally identifiable information (PII) across the organization D) Appoint a suitable business PII lawyer for the organization",C
1565,Which choice below is NOT considered a potential hazard resulting from natural events? **Options:** A) Arson B) Earthquake/land shift C) Forest fire D) Urban fire,A
1566,What is the main purpose of Intrusion Detection Systems (IDS) in cybersecurity? **Options:** A) To monitor and detect potential security threats B) To manage network bandwidth usage C) To encrypt sensitive information D) To prevent physical security breaches,A
1567,What does integrity refer to in the security triad? **Options:** A) Methods and actions to protect the information from unauthorized alteration B) Safety measures against known vulnerability attacks C) Methods for denying access to legitimate users D) Measures taken to ensure the correct disclosure of information,A
1568,What type of document in a hierarchical organization of documentation provides a course of action by which technology and procedures are uniformly implemented throughout an organization? **Options:** A) Security Guideline B) Security Standard C) Security Procedure D) Security Baseline,B
1569,What best practice assists in ensuring user access is appropriate for their responsibilities? **Options:** A) Monthly review of team access by direct managers. B) Disabling user accounts after 30 days of inactivity. C) Use of shared authentication credentials. D) Automated daily access reviews.,A
1570,What is an attack in the context of cybersecurity? **Options:** A) An accidental event causing harm B) An intentional exploitation of a vulnerability by a threat agent C) Any exposure of assets to risk D) A successful security breach,B
1571,What is an object in the context of access control? **Options:** A) An active entity that accesses passive subjects. B) A passive entity that accesses active subjects. C) A passive entity that provides information to active subjects. D) An active entity that provides information to passive subjects.,C
1572,What type of malware appears to perform desirable functions but actually performs malicious functions behind the scenes? **Options:** A) Trojan horse B) Ransomware C) Spyware D) Rootkit,A
1573,Which information security service provides a formal information security evaluation and management approval process to ensure information applications and the supporting infrastructure are protected at a level appropriate to their sensitivity and criticality? **Options:** A) Accountability B) Assurance C) Authentication D) Authorization,B
1574,Which of the following is an example of a symmetric cryptographic primitive? **Options:** A) Block ciphers B) RSA-PSS C) Sponge Constructions D) Public Key Encryption,A
1575,Which of the following programs is a steganography detection tool? **Options:** A) Stegdetect B) Stegorama C) Stegstopper D) Stegoalert,A
1576,What does ATM stand for in networking? **Options:** A) Automatic Transfer Mode B) Advanced Transfer Method C) Asynchronous Transfer Mode D) Associated Transfer Mode,C
1577,"What makes DNS a good choice for data exfiltration and tunneling? **Options:** A) It offers strong authentication and authorization mechanisms for secure data transmission. B) It is a service that cannot be blocked and must remain available at all times. C) It shares similarities with HTTP, enabling seamless integration with existing infrastructure. D) It provides high-speed data transfer, making it ideal for large data sets.",B
1578,What is the first step to take in developing an IT system security training program? **Options:** A) Creating content material without approval B) Designing the course before analyzing training needs C) Conducting a full evaluation of the organizational needs D) Analyzing the training needs and defining the goals and objectives,D
1579,Which connecting device operates at the datalink layer and digitally copies frames? **Options:** A) Repeater B) Hub C) Bridge D) Switch,C
1580,"In the AES cipher, which transformation results in a column-wise operation between the State and the round key? **Options:** A) MixColumns B) AddRoundKey C) ShiftRows D) SubBytes",B
1581,Why should cryptographic keys used to protect stored account data be retained only where necessary? **Options:** A) To reduce the potential for cryptographic key misuse or compromise  B) To minimize the risk of unauthorized access to cryptographic keys C) To prevent the increase in the storage requirements for cryptographic keys D) To comply with ISO/DIS 9564-5 Financial services standards,A
1582,What is the primary goal of encryption? **Options:** A) To protect the confidentiality of information B) To provide a way to recover lost data C) To speed up data transmission D) To ensure high availability of data,A
1583,"In a decentralized key control scheme, how is the shared session key obtained by the recipients? **Options:** A) It is encrypted with a unique master key for each recipient B) It is maintained by a central key distribution center C) It is hashed with a cryptographic function for secure distribution D) It is transmitted in clear form to all recipients",A
1584,What is the primary purpose of a cryptographic algorithm? **Options:** A) To regulate network connectivity B) To establish emergency response procedures C) To protect information by encryption and decryption D) To manage access controls,C
1585,Which of the following accurately describes the security administration benefit of using virtualization technology? **Options:** A) Centralizing patch management B) Mitigating latency and throughput issues C) Simplifying baselining tasks D) Isolating network services and roles,D
1586,You are asked to implement a risk treatment in which your IT department is removing a server from the environment that it deems is too risky due to having too many vulnerabilities in it. You have just practiced which type of risk treatment? **Options:** A) Risk avoidance B) Risk acceptance C) Risk mitigation D) Risk transfer,A
1587,What is the purpose of a backdoor in the context of malware? **Options:** A) To detect and remove viruses B) To circumvent system protection mechanisms C) To initiate a denial-of-service attack D) To protect the system,B
1588,What is the role of a Registration Authority (RA) in the Public Key Infrastructure (PKI)? **Options:** A) To enroll and generate certificates or the public–private key pair for users B) To hold all public keys in a repository C) Both A and B D) None of the above,A
1589,How does asymmetrical cryptography differ from symmetrical encryption? **Options:** A) It uses a single shared key for encryption and decryption B) It is vulnerable to brute-force attacks C) It requires a public and private key pair for encryption and decryption D) It ensures faster encryption and decryption process,C
1590,"What is the definition of computer forensics? **Options:** A) The encryption and protection of digital data to prevent unauthorized access. B) The implementation of security measures to protect a computer network from cyber attacks. C) The extraction, documentation, examination, and interpretation of computer-based material to provide information as evidence in civil, criminal, and administrative cases. D) The development of forensic tools to track and prosecute cybercriminals.",C
1591,What is generally a loose agreement that does not have strict guidelines governing the transmission of sensitive data? **Options:** A) SLAs B) NIPS C) DRP D) MoUs,D
1592,Which service is implied by the use of DC=ServerName and DC=COM in Microsoft Windows domain controllers? **Options:** A) RADIUS B) TACACS+ C) LDAP D) SAML,C
1593,Which logic operation is performed to get the 512-bit hash value of the Nth stage in SHA-512? **Options:** A) XOR with a predefined constant B) ADD modulo 264 with the initial value C) Subtraction from a predefined value D) Bitwise AND operation with the previous stage values,B
1594,"Which of the following refers to who, what, when, where, and how of the collected evidence over its entire life span? **Options:** A) Digital Evidence Life Cycle B) Chain of Custody C) Admissibility of Evidence D) Incident Response Plan",B
1595,"Under what circumstances can schools disclose education records without consent? **Options:** A) To any state and local authorities within the juvenile justice system. B) To comply with a judicial order or lawfully issued subpoena. C) Only to school officials with legitimate educational interest. D) To facilitate treatment, payment, or healthcare operations.",B
1596,"Machine A and Machine B are on the same subnet. Machine C, with address 00-01- 02-CC-DD-EE, is on a different subnet. While the attacker is sniffing on the fully switched network, Machine B sends a message to Machine C. If an attacker on Machine A wanted to receive a copy of this message, which of the following circumstances would be necessary? **Options:** A) The ARP cache of Machine A would need to be poisoned, changing the entry for Machine C to 00-01-02-BB-CC-DD. B) The ARP cache of the router would need to be poisoned, changing the entry for Machine A to 00-01-02-CC-DD-EE. C) The ARP cache of Machine C would need to be poisoned, changing the entry for the default gateway to 00-01-02-AA-BB-CC. D) The ARP cache of Machine B would need to be poisoned, changing the entry for the default gateway to 00-01-02-AA-BB-CC.",D
1597,What does the term 'firewall' refer to in the context of cybersecurity? **Options:** A) A type of malware that spreads rapidly through a network B) An encryption technique used to secure communication channels C) A physical barrier used to protect servers from physical damage D) A security system that controls the incoming and outgoing network traffic,D
1598,"What is a common means to protect power supply equipment from noise interference (EMI, RFI)? **Options:** A) Switching to fiber-optic cables for networking and establishing proper grounding B) Installing water-detection circuits C) Using surge protectors D) None of the above",A
1599,What database technique can prevent unauthorized users from determining classified information by noticing the absence of information normally available to them? **Options:** A) Inference B) Manipulation C) Polyinstantiation D) Aggregation,C
1600,What should an ethical hacker receive from the target organization before conducting any hacking activities? **Options:** A) Security Audit Plan B) Non-Disclosure Agreement (NDA) C) Hacker's Code of Conduct D) Verbal Consent,B
1601,Which type of twisted-pair cabling is most often referred to as just 10Base-T? **Options:** A) Cat 5 B) Cat 6 C) Cat 3 D) Cat 7,C
1602,Why would you use wireless social engineering? **Options:** A) To get email addresses B) To gather credentials C) To make phone calls D) To send phishing messages,B
1603,What system is a cross between the Internet and an intranet and used for B2B applications between customers and suppliers? **Options:** A) Extranet B) E-Crime Management System C) Escape system D) Encryption system,A
1604,What type of information does the NSA protect from unauthorized access? **Options:** A) Publicly available information. B) Personal data of government officials. C) Economic and financial data. D) Information derived from national-security-related telecommunications.,D
1605,What is the primary purpose of federated identity management? **Options:** A) Secure encryption of user credentials B) Centralized access control for a single enterprise C) Scalable user authentication across multiple enterprises D) Isolating user identity data within individual applications,C
1606,What should be considered for the recovery phase in dealing with a rootkit infection? **Options:** A) Performing a thorough verification of the system integrity B) Setting up the system with the same configurations as before the infection C) Deploying the same security measures that were in place before the infection D) Disregarding the potential persistence of the rootkit,A
1607,What is the primary purpose of ISO/IEC 13335-1:2004? **Options:** A) To establish guidelines and general principles for information security management. B) To explain the concepts associated with the management of IT security. C) To introduce a framework for IT security assurance. D) To provide a code of practice for business continuity management.,B
1608,What is one of the most important resources an operations department has? **Options:** A) Knowledge B) Financial records C) Physical equipment D) Supervisory personnel,A
1609,"In the context of network security, what does the channel factor refer to? **Options:** A) The creation of unique security problems B) The potential fall-out from user errors C) The accessibility of shared resources D) The verifiability of remote connections",A
1610,What is another term for secret key encryption? **Options:** A) PKI B) Asymmetric encryption C) Symmetric encryption D) Public key,C
1611,What measure ensures that staff is fully trained on the equipment to be used? **Options:** A) Definition and implementation of a roles and rights concept B) Definition of the processes for the destruction of information/data carriers C) Provision of manuals and training materials D) Implementation of a logging and auditing concept,C
1612,"What does HTTPS overlay on top of to provide authentication of the server, integrity, and confidentiality for data in transit? **Options:** A) HTTP B) TLS C) UDP D) TCP",B
1613,What does the 'HTTPS' in a website URL indicate? **Options:** A) A government website B) A high-speed connection C) A secure and encrypted connection D) A hidden website,C
1614,Which algorithm was ultimately selected as the AES candidate? **Options:** A) CAST-256 B) MARS C) Rijndael D) RC6,C
1615,Which type of attack on the radio access network involves enticing users to camp at a cloned base station to provide secret information to the adversary? **Options:** A) Eavesdropping Attack B) False Base Station Attack C) Replay Attack D) Denial-of-Service (DoS) Attack,B
1616,The protocol used for Neighbor Discovery (ND) is _____________________. **Options:** A) ICMPv4 B) ICMPv6 C) DNS D) ARP,B
1617,"What is an organization composed of engineers, scientists, and students who issue standards related to electrical, electronic, and computer engineering? **Options:** A) IANA B) ITSEC C) ISO D) IEEE",D
1618,What is the best description of 'clipping levels'? **Options:** A) A baseline of user errors above which violations will be recorded B) Adjustments to the interface layout based on user preference C) Variance detection of too many people with unrestricted access D) A listing of every error made by users to initiate violation processing,A
1619,Which process is used to ensure continued viability of backup copies? **Options:** A) Backup retention B) Backup rotation C) Test restores D) Incremental backup,C
1620,"According to Kerckhoff's principle, what should the selection of a particular member (key) of the cryptographic system be? **Options:** A) Easy to memorize and change B) Long and immutable C) Technically complex D) Random and fixed",A
1621,What security concept ensures that the subject of an event cannot deny that the event occurred? **Options:** A) Nonrepudiation B) Authorization C) Accountability D) Auditing,A
1622,Which of the following is referred to as a physical address in computer networking? **Options:** A) Loopback address B) IPv6 address C) IPv4 address D) MAC address,D
1623,What is the first step when investigating a computer crime? **Options:** A) Photograph the area computer and contents on the screen B) Advise individuals in the area of their rights before evidence is collected C) Quickly look for planted logic bombs and Trojan horses to ensure damage cannot be done D) Power off the computer system,A
1624,"What is one primary reasoning behind the argument that the closed source approach is not as closed as advertised? **Options:** A) Even with efforts to maintain the secrecy of source code, it is often exposed to employees, partners, and potentially malicious attackers B) Source code secrecy does not actually protect closed source software from being thoroughly scrutinized and potentially exploited by attackers. C) Both A and B. D) None of the above.",C
1625,"The Trusted Platform Module (TPM) is implemented as a separate processor on the PC motherboard and is associated with which hardware manufacturer? **Options:** A) AMD B) Intel C) IBM D) The Trusted Platform Module (TPM) is an international standard for a secure cryptoprocessor, and it is not exclusively developed or owned by any single manufacturer",D
1626,What is the device that interprets digital and analog signals to enable data transmission over telephone lines? **Options:** A) Router B) Modem C) Switch D) Hub,B
1627,"What phase of the NSA InfoSec Assessment Methodology (IAM) involves exploring and confirming conclusions made during the pre-assessment phase, gathering data and documentation, and conducting interviews? **Options:** A) Pre-assessment phase B) Red team assessment C) On-site phase D) Post-assessment phase",C
1628,What do we call an ARP response without a corresponding ARP request? **Options:** A) IP response B) Gratuitous ARP C) Is-at response D) Who-has ARP,B
1629,What term describes the intention to deceive as a fundamental cybersecurity principle? **Options:** A) Malicious intent B) Malintent C) Criminology D) Scienter,D
1630,What is the purpose of forensic examination in cybersecurity incident response? **Options:** A) To conduct interviews with potential suspects B) To collect and analyze evidence for investigation and potential legal proceedings C) To covertly monitor the network for critical incidents D) To initiate a chain of custody for evidence,B
1631,What is the purpose of a mantrap? **Options:** A) To control vehicle traffic B) To ensure total control of access C) To provide physical security D) To prevent unauthorized access,D
1632,"According to the fail terms definitions related to physical and digital products, which state prioritizes protecting assets over people? **Options:** A) Fail-Open B) Fail-Safe C) Fail-Closed D) Fail-Secure",D
1633,What is the potential threat to information security from the use of minisupercomputers? **Options:** A) Disruption of the WAN connectivity B) Possible unauthorized access to the attached processor through the mainframe C) Authentication system exposure D) Loss of confidentiality in document imaging,B
1634,Which of the following is NOT a type of computer backup (file copying method)? **Options:** A) Primary B) Update C) Duplicate D) Archive,A
1635,What is the process of saving data for future use or reference? **Options:** A) Retention of evidence B) Recovery C) Eradication D) Containment,A
1636,What type of mode requires a unique binary sequence for each encryption operation in a block cipher? **Options:** A) Cipher Block Chaining (CBC) B) Electronic Codebook (ECB) C) Both A and B D) None of the above,A
1637,"In cryptography, what does DES stand for? **Options:** A) Data Encryption Standard B) Data Encryption System C) Data Encoding System D) Digital Encoding Standard",A
1638,Which EAP method is based on the TLS protocol and uses digital certificates for mutual authentication of client and server? **Options:** A) EAP-PSK B) EAP-TTLS C) EAP-GPSK D) EAP-TLS,D
1639,What is the primary security concern associated with cookies? **Options:** A) They can access sensitive information B) They can execute on the host computer C) They can be intercepted and modified by attackers D) They cannot be removed or edited,C
1640,What is the strongest method for securing data transmission over a network? **Options:** A) WPA2 B) HTTP C) WPA D) WEP,A
1641,Which security response best mitigates the risk of a lost or stolen laptop? **Options:** A) Keeping minimal sensitive data on the system B) Hard drive encryption C) Cable locks D) Strong passwords,B
1642,What is the benefit of CCTV cameras in deterring misconduct? **Options:** A) They lead to an increase in employee misconduct B) They create a conscious awareness and discourage misconduct C) They have no impact on employee behavior D) They guarantee absolute prevention of all forms of misconduct,B
1643,Which statement below is accurate about the reasons to implement a layered security architecture? **Options:** A) A layered security approach is not necessary when using COTS products. B) A layered security approach is intended to increase the work-factor for an attacker. C) A layered approach doesn’t really improve the security posture of the organization. D) A good packet-filtering router will eliminate the need to implement a layered security architecture.,B
1644,What should you configure to improve wireless security? **Options:** A) Remove repeaters B) IP spoofing C) Enable the SSID D) MAC filtering,D
1645,"Which model allows researchers to identify hotspots for cybercrime, such as poorly configured systems that are easier to compromise? **Options:** A) Situational crime prevention B) Pattern theory of crime C) Rational choice theory D) None of the above",B
1646,What is the purpose of vulnerability assessment in security testing? **Options:** A) Conducting log reviews B) Conducting ethical disclosure C) Synthetic transaction testing D) Identifying and mitigating security vulnerabilities,D
1647,"The identity and access management lifecycle consists of which steps? **Options:** A) Setup, review, auditing B) Provisioning, review, revocation C) Identification, authentication, authorization D) Creation, monitoring, termination",B
1648,What is the purpose of key stretching in cryptography? **Options:** A) To authenticate hardware and software configuration to a remote server B) To process a weak key and output an enhanced and more powerful key C) To make the relationship between a key and the ciphertext more complex D) To obtain control of a target computer through a vulnerability,B
1649,What is the first thing a hacker should do after gaining administrative access to a system? **Options:** A) Copy important data files B) Create a new user account C) Change the administrator password D) Disable auditing,D
1650,What is the primary purpose of establishing clipping levels for alarm activation? **Options:** A) To avoid false or nuisance alarms B) To ensure rapid response to true alarms C) To prevent backup of incident reports D) To minimize the number of incidents reported,A
1651,"What is the main concern associated with the use of intelligence gathered via surveillance for economic espionage, based on the content? **Options:** A) The West's reliance on electronic intelligence resulted in a misunderstanding of the actual economic position of the USSR. B) The surveillance practices focused mainly on military intelligence gathering over economic intelligence, which led to poor economic planning. C) The intelligence gathered for economic espionage was found to be inaccurate and unreliable, leading to poor economic decisions. D) The focus on economic intelligence and surveillance was driven by private and bureaucratic interests, resulting in poor economic and political intelligence.",D
1652,What is the primary risk associated with SMS phishing attacks on mobile devices? **Options:** A) Inability to track the sender of the phishing message B) Potential exposure to malware and malicious links C) Increased battery consumption D) Quick and easy access to personal user data,B
1653,What type of HTTP authentication scheme exposes user credentials in plain text if not protected by HTTPS? **Options:** A) Bearer token B) Form-based HTTP authentication C) Digest Access Authentication D) Basic HTTP authentication,D
1654,What is the term for sites such as hotels or airports that use limited‐functionality web pages for authentication? **Options:** A) Rogue website B) Cloned website C) Phishing site D) Captive portal,D
1655,What is the primary concern of data base security? **Options:** A) Securing data from unauthorized access and ensuring its integrity. B) Protecting data from physical damage and loss. C) Preventing system downtime and ensuring high availability. D) Ensuring encryption of data at rest and in transit.,A
1656,What is the importance of retaining documentation and evidence within BAU processes? **Options:** A) To shift responsibility for security controls B) To reduce the cost of PCI DSS assessments C) To maintain compliance with country laws D) To provide evidence of security control effectiveness and compliance,D
1657,Which of the following encryption mechanisms introduced the Temporal Key Integrity Protocol? **Options:** A) WEP B) WPA2 C) WPS D) WPA,D
1658,How does application whitelisting contribute to the security of mobile devices? **Options:** A) Increase power efficiency B) Enable remote wipe capabilities C) Prevent geotagging D) Restrict access to approved applications,D
1659,Which feature is added to Internet Explorer in XP Service Pack 3? **Options:** A) Improved security center B) Pop-up blocker C) Increased download capacity D) Enhanced browsing speed,B
1660,Which cryptographic concept best describes that a message remains unmodified and secure during its transmission? **Options:** A) Nonce B) Digital signature C) Encryption D) Hashing,B
1661,"What does transparency refer to in the context of security controls? **Options:** A) The process of encryption and hashing to ensure the protection of confidentiality and integrity. B) The mechanism for recording the specifics of a communication, such as source, destination, time stamps, and transmission status. C) The characteristic of a service, security control, or access mechanism that ensures that it is unseen by users and minimally impacts performance. D) A method of intrusion detection that allows passive monitoring of network traffic for security threats or policy violations.",C
1662,Which type of metadata is associated with the physical location from which data is generated? **Options:** A) Location metadata B) Traffic metadata C) Device metadata D) Communication metadata,A
1663,What is the main purpose of a DHCP starvation attack? **Options:** A) To capture encrypted messages and strip the encryption from them B) To capture traffic from specific hosts on the network C) To exhaust all IP addresses from a legitimate server and control IP allocations D) To intercept DNS requests and provide responses to the requestor,C
1664,What kind of systems require transactions to be authorized by two or more staff members? **Options:** A) Systems using dual control policies B) Systems using separation of duty policies C) Systems using least privilege policies D) Systems using non-repudiation policies,A
1665,"If you were to see the subnet mask 255.255.248.0, what CIDR notation (prefix) would you use to indicate the same thing? **Options:** A) /23 B) /22 C) /20 D) /21",D
1666,What is the role of authentication tokens in a cybersecurity environment? **Options:** A) To verify the identity of users and provide secure access to network resources B) To verify the integrity of network devices C) To encrypt network traffic for secure transmission D) To manage physical access control to the organization's premises,A
1667,What type of authentication mechanism relies on dynamic authentication data that changes with each session between a claimant and verifier? **Options:** A) Continous authentication B) Static authentication C) Password-based authentication D) Robust authentication,D
1668,"Which Act transferred authority over civil aviation security from the Federal Aviation Administration (FAA) to the Transportation Security Administration (TSA)? **Options:** A) The Public Health Security, Bioterrorism Preparedness & Response Act of 2002 B) The USA PATRIOT Act of 2001 C) The Aviation and Transportation Security Act of 2001 D) The E-Government Act of 2002",C
1669,"Who designed the IDEA block cipher, utilizing operations such as XOR, modulo 2^16+1 multiplication, and modulo 2^16 addition in each round? **Options:** A) Xuejia Lai and James Massey B) Roy L. Adler C) K. Nyberg D) T. J. Beth and C. Ding",A
1670,What is the best way to authenticate system users using something that they know? **Options:** A) Challenge-Response Tokens B) Retinal Scan C) Fingerprint Scan D) Photo ID Card,A
1671,Which antivirus detection method maintains a large database to identify known viruses? **Options:** A) Signature-based detection B) Heuristic analysis C) Behavior-based detection D) Zero-day detection,A
1672,As a security administrator you have recently learned of an issue with the webbased administrative interface on your Web server. You want to provide a countermeasure to prevent attacks via the administrative interface. All of the following are countermeasures to use in this scenario EXCEPT: **Options:** A) Control which systems are allowed to connect to and administer the Web server B) Hardcode the authentication credentials into the administrative interface links C) Use a stronger authentication technique on the Web server D) Remove the administrative interfaces from the Web server,B
1673,What is the primary goal of Administrative Simplification under HIPAA? **Options:** A) To reduce the costs of healthcare through widespread use of electronic data interchange. B) To standardize medical diagnoses for better accuracy. C) To ensure that healthcare workers are properly trained in using electronic systems. D) To protect patient data from being accessed by insurance companies.,A
1674,Why should software not related to work be used on any computer that is part of the network? **Options:** A) It is not compatible with the network infrastructure B) It reduces the available storage space C) It may slow down the network D) It can lead to data breaches and compromise security,D
1675,Your organization uses the Kerberos protocol to authenticate users of the network. Which statement is true of the key distribution center (KOC) when this protocol is used? **Options:** A) The KOC is used to maintain and distribute public keys for each session B) The KOC is used to store distribute and maintain cryptographic session keys C) The KOC is only used to store secret keys D) The KOC is used to capture secret keys over the network,B
1676,What is the primary goal of risk management in information security? **Options:** A) Acknowledging all potential risks B) Avoiding any potential risks C) Eliminating all potential risks D) Minimizing the impact of potential risks,D
1677,What portion of the change management process would help to prioritize tasks? **Options:** A) Change audit B) Request control C) Release control D) Configuration control,B
1678,"What is one of the key differences between PPTP and L2TP VPN protocols? **Options:** A) L2TP allows for header compression, while PPTP does not. B) PPTP can only support a single tunnel between endpoints, while L2TP allows for multiple tunnels. C) PPTP allows for tunnel authentication, while L2TP does not. D) L2TP requires the internetwork to be an IP internetwork, while PPTP does not.",B
1679,"In polyalphabetic substitution, how many rules are used to encipher plaintext letters? **Options:** A) No rules B) Two rules C) One rule D) Multiple rules",D
1680,What does MCM (mobile content management) system consider when controlling company resources and the means by which they are accessed or used on mobile devices? **Options:** A) Company's financial resources B) Device capabilities C) Location of wireless access points D) Online gaming preferences,B
1681,What is a key factor determining the effectiveness of a security infrastructure in an enterprise environment? **Options:** A) The ability to block all potential external threats B) Ease of circumvention by employees C) Complexity of security controls D) Minimal impact on user productivity,D
1682,Which of the following is a key aspect of a secure remote access system? **Options:** A) No logging and auditing of system utilization B) Absence of granular access control C) Transparent reproduction of the workplace environment D) Access to the corporate internal network without two-factor authentication,C
1683,What is the primary purpose of a security policy? **Options:** A) Assigning administrative control to individuals B) Assigning specific tasks to individuals C) Defining the organizational security needs D) Implementing security measures,C
1684,"What is the primary purpose of remote access and telecommuting techniques? **Options:** A) Establish end-to-end encryption for communication B) Provide VPN connectivity for secure communications C) Achieve remote node operation for wireless networking D) Enable users to work from remote locations, aside from their regular office environment",D
1685,What does payload inspection refer to in a firewall configuration? **Options:** A) Analyzing packet headers B) Detecting malicious intrusion attempts C) Managing content filtering D) Examining packet payload for certain patterns,D
1686,What is the main role of Reciprocal Rapid Data Collaboration (RRDC) in protecting against attacks on cyber-physical systems? **Options:** A) To facilitate the integration of legacy control systems with modern security technologies. B) To ensure the secure exchange of information between IoT devices and cloud-based services. C) To anonymize and aggregate sensitive operational data to prevent unauthorized access. D) To enable real-time sharing of security information among interconnected ICS and critical infrastructure entities.,D
1687,Which protocol is commonly used for securing email communication with cryptographic security services? **Options:** A) DNS B) S/MIME C) POP3 D) SMTP,B
1688,What is a common use case for a transparent proxy server? **Options:** A) Mediating between clients and servers B) Performing access control page redirection C) Providing internet access while protecting client identity D) Blocking access to unauthorized devices in a WAP,C
1689,What technique is being used to find information about a system by sending special packets to a target and analyzing the responses? **Options:** A) Fingerprinting B) Remote code execution (RCE) C) SQL injection D) Cross-site scripting (XSS),A
1690,What is the purpose of the assigned security responsibility standard? **Options:** A) To validate access to facilities based on role B) To assign security responsibility for healthcare providers C) To appoint an individual responsible for security policies and procedures D) To ensure data backup and storage procedures are in place,C
1691,In which layer of the OSI model does the TCP/IP protocol operate? **Options:** A) Transport layer B) Network layer C) Presentation layer D) Application layer,A
1692,"You’re running an IDLE scan and send the first packet to the target machine. Next, the SYN/ACK packet is sent to the zombie. The IPID on the return packet from the zombie is 22346. If the starting IPID was 22345, in what state is the port on the target machine? **Options:** A) Unknown B) Closed C) Open D) None of the above",B
1693,What model provides a way for designers to map abstract statements in a security policy into the algorithms and data structures necessary to build software? **Options:** A) Security perimeter model B) Security kernel model C) Access control model D) Security model,D
1694,"Which of the following is NOT considered a good attribute for a security metric? **Options:** A) Remark: Consistently measured, without subjective criteria B) Contextually specific and relevant to decision-makers C) Expressed as a cardinal number or percentage D) Inconsistently measured, usually because they rely on subjective judgments",D
1695,Which SQL function is used to return the number of records that meet specified criteria? **Options:** A) COUNT( ) B) SUM( ) C) MAX( ) D) MIN( ),A
1696,What type of framework is OAuth 2.0? **Options:** A) Decentralized protocol B) Single sign-on protocol C) Authorization protocol D) Authentication protocol,C
1697,"What critical components should be included in a business continuity training plan? **Options:** A) Disaster recovery procedures only B) Physical security guidelines only C) Risk assessment guidelines only D) Emergency response training, continuity plan procedures, and business continuity team responsibilities",D
1698,What is an important consideration for creating access passwords on a Windows system? **Options:** A) Passwords containing common nouns B) Use of single-character passwords C) Use of user's proper name in password D) Passwords that should remain confidential,D
1699,What is a characteristic feature of a rainbow table in password cracking? **Options:** A) It comprises a huge compilation of password hashes B) It is an active online attack method C) It uses alphabet substitution to crack passwords D) It is the fastest method for cracking passwords,A
1700,What is a crucial element for the effective operation of a firewall? **Options:** A) Use of intrusion detection systems B) Absence of security policies C) Development of a security architecture D) Implementation of a stringent security audit,C
1701,"What should be used as a tool to respond to identified risks in an operations setting? **Options:** A) Compensating Controls B) Technical or Logical Controls C) Corrective Controls D) It varies based on the circumstances, with each risk being evaluated on an individual basis",D
1702,"In public-key encryption for one-way authentication, what is the function of the digital signature? **Options:** A) To decrypt the message sent by the sender B) To authenticate the sender to the recipient C) To allow the recipient to decrypt the entire message with the sender's public key D) To encrypt the message for confidentiality",B
1703,Which port from the list is commonly utilized for email communication? **Options:** A) 110 B) 22 C) 443 D) 3389,A
1704,What is the primary function of a secure token service (STS) in a web services security architecture? **Options:** A) To establish secure communication channels between web services. B) To perform biometric authentication for user access. C) To detect and prevent external network attacks. D) To issue security tokens for authentication and authorization.,D
1705,Which type of RAID configuration provides fault tolerance by holding parity information for one disk? **Options:** A) RAID-6 B) RAID-5 C) RAID-0 D) RAID-1,B
1706,Which command is used to install IPv6 on a Windows machine via the command line? **Options:** A) installipv6 B) addipv6 C) netsh ipv6 install D) ipv6install,C
1707,What is a necessary condition for the security of the RSA mechanism? **Options:** A) The security is based on the assumed difficulty of calculating discrete logarithms in elliptic curves. B) The length of the modulus n should be at least 512 bits C) The length of the modulus n should be at least 3000 bits D) The public exponent e must be less than 2,C
1708,Why is public key cryptography considered more suitable for authentication and secure communication compared to symmetric key cryptography? **Options:** A) It relies on a single key to both encrypt and decrypt information. B) It requires the distribution and management of a large number of keys. C) It involves the manipulation of large prime numbers and complex mathematical operations. D) It enables the secure sharing and verification of public keys through digital signatures and certificates.,D
1709,What does the principle of 'use of the system should not require a long list of rules or mental strain' emphasize? **Options:** A) Technical specifications B) Stringent regulations C) Complexity and mental effort D) Ease of use and performance impact,D
1710,"Which authentication type provides centralized administration of dial-up, VPN, and wireless authentication and can be used with EAP and 802.1X? **Options:** A) 802.1X B) Kerberos C) LDAP D) RADIUS",D
1711,"In the context of cybersecurity, what is the term used to describe protecting digital content after it’s been descrambled and made available within the home? **Options:** A) Digital Rights Management (DRM) B) Content Scrambling System (CSS) C) Two-factor Authentication D) End-to-end Encryption",A
1712,Which element of telecommunication is used to ensure confidentiality? **Options:** A) Firewall services B) Intrusion detection services C) RAID D) Network security protocols,D
1713,"In the context of access, what is the object of an access request? **Options:** A) The security controls in place B) The resource a user or process wishes to access C) The user making the access request D) The subject of the access request",B
1714,Which motivation might drive a publisher to commit click fraud by clicking on their own ads or asking friends to click on the ads? **Options:** A) Financial gain B) Nonfinancial reasons C) Competitive advantage D) Personal vendetta,A
1715,Which of the following is a potential security concern of remote connections if not protected and monitored sufficiently? **Options:** A) All answers are correct B) Inability to upgrade or patch C) Exposure to malicious code D) Difficulty in troubleshooting,A
1716,What is the primary authentication method for validating each device in a machine certificate and EAP-TLS based architecture? **Options:** A) Certificate-based digital signatures B) Raw public key digital signatures C) PSKs D) EAP,A
1717,What does a security model provide a framework for implementing? **Options:** A) Security policy B) Firewalls C) Security protocols D) User authentication,A
1718,What is WEP commonly known as? **Options:** A) Wireless End Point B) Wired Encryption Protocol C) Wi-Fi End Point D) Wired Equivalent Privacy,D
1719,"During risk analysis, what will be determined to establish an overall likelihood that indicates the probability a potential threat may be exercised against the asset under review? **Options:** A) Impact of the threat B) Cost-benefit ratio C) Probability of occurrence D) Risk level",C
1720,What type of systems are used to manage user identities and control access to computer and network resources? **Options:** A) Role-Based Access Control (RBAC) B) Discretionary Access Control (DAC) C) Identity and Access Management D) Access Control Lists (ACL),C
1721,What response is missing in a SYN flood attack? **Options:** A) SYN B) URG C) ACK D) SYN-ACK,C
1722,Which of the following is a fundamental vulnerability of Instant Messaging (IM)? **Options:** A) Openness in service provision allows anyone to establish an IM service. B) User anonymity through aliases reduces accountability and facilitates malicious actions C) Clear transmission of most IM traffic makes it vulnerable to leakage in the network D) All of the above,D
1723,What types of attacks are addressed by the Android and iOS operating systems? **Options:** A) Malicious and unintentional data loss B) Resource and service availability abuse C) Attacks on the integrity of data D) All of the above,D
1724,What is the purpose of mapping new standards and industry requirements to an organization's existing control standards or to ISO 17799? **Options:** A) To ensure that any new item is assimilated into the controls list and that items are not duplicated B) To conduct a cost-benefit analysis C) To establish recovery time objectives D) To identify potential risks and vulnerabilities to the organization's assets,A
1725,"Which of the following practices involves a systematic approach to considering each system component relative to potential threats such as spoofing identity, tampering with data, and denial of service? **Options:** A) Define Metrics and Compliance Reporting B) Provide Training C) Establish Design Requirements D) Perform Threat Modelling",D
1726,"In the mesh encryption solution, what is the recommended approach to network encryption for traffic between nodes? **Options:** A) TLS at the application layer B) VPN tunneling C) IPsec in transport mode D) SSH tunneling",C
1727,What is the main purpose of a honeypot in a network environment? **Options:** A) To identify insider abuses of a system B) To provide services to public networks without direct access to the internal network C) To act as a decoy and draw attackers away from critical resources D) To examine and reassemble fragmented traffic passing through a network,C
1728,Which security measure is used to prevent unauthorized access to a computer network? **Options:** A) Firewalls B) Debugging tools C) Open ports D) Password sharing,A
1729,What is the best defensive action that system administrators can take against the threat posed by brand new malicious code objects that exploit known software vulnerabilities? **Options:** A) Install anti-worm filters on the proxy server B) Prohibit Internet use on the corporate network C) Apply security patches as they are released D) Update antivirus definitions monthly,C
1730,Which step function in SHA-3 operates to update each bit based on its current value and the value of the corresponding bit position in the next two lanes in the same row? **Options:** A) Chi function B) Iota function C) Pi function D) Theta function,A
1731,Which type of device can perform Network Address Translation (NAT) for an organization using private IP addressing to allow Internet access? **Options:** A) Routers B) Proxies C) Layer three switches D) All of the above,D
1732,Which security mechanism is used to protect against unauthorized users from accessing any service on a network? **Options:** A) Firewall B) Application Gateway C) Intrusion Detection System D) Authentication and Authorization,D
1733,What is the purpose of employing a layered approach to security in cybersecurity? **Options:** A) To protect the network against unauthorized access and external attacks B) To provide a comprehensive defense against various threats and attacks C) To hide malicious code within the core of the operating system D) To ensure data is recoverable in case of system failure or loss,B
1734,What is the key benefit of becoming actively involved in a security-related trade organization? **Options:** A) Exclusive access to private security information and government resources B) Certification opportunities for professional advancement C) Access to discounted security products and services D) Networking to provide assistance when a problem arises,D
1735,"What is the function of a user name service in security architecture? **Options:** A) Storing descriptive information about users, such as their office location and telephone number B) Assigning unique names to users and returning system user identifiers C) Implementing a hierarchical structure of control within the enterprise D) Resolving aliases and managing group names within the system",B
1736,What terms best describe regulating and filtering network access based on rules? **Options:** A) Web Application Firewalls (WAF) B) Router C) Intrusion Detection System D) Firewall,D
1737,Which of the following principles refers to a situation where a client device is checked to be compliant before it is allowed to connect to the corporate intranet? **Options:** A) Access control B) Endpoint security C) Intrusion prevention D) Data leakage prevention,B
1738,What is a fundamental component enabling decentralized computing with microprocessors? **Options:** A) Decentralized communication protocols. B) Interconnected microprocessors. C) Universal memory chips. D) Complex microprocessor architecture.,B
1739,How does a firewall contribute to network security? **Options:** A) By authenticating users connecting to the network B) By physically shielding the internal network from external threats C) By controlling and filtering network traffic based on predetermined rules D) By encrypting all data passing through the network,C
1740,What is an XMAS scan? **Options:** A) UDP scan with FIN/PSH set B) UDP scan SYN/URG/FIN set C) TCP scan with SYN/ACK/FIN set D) TCP scan with FIN/PSH/URG set,D
1741,"Which type of update includes a tested, cumulative set of hotfixes, security updates, critical updates, and additional fixes for problems found internally since the release of the product? **Options:** A) Service pack B) Critical update C) Security update D) Driver update",A
1742,Which cryptographic mechanism creates a cryptographic code that cannot be reversed? **Options:** A) Symmetric encryption B) Encrypting with a stream cipher C) Hashing D) Asymmetric encryption,C
1743,What is the primary purpose of a dedicated evidence storage system? **Options:** A) To retain logs and records of digital events for future comparison B) To perform root cause analysis of incidents C) To maintain quality of environmental conditions D) To minimize the need for environmental monitoring,A
1744,What principle is used to demonstrate that a signed message came from the owner of the key that signed it? **Options:** A) Non-verifiability B) Authority C) Integrity D) Non-repudiation,D
1745,What is the purpose of intrusion-detection and/or intrusion-prevention techniques according to PCI DSS Requirement 11.5.1? **Options:** A) To identify any network failures B) To detect and/or prevent network intrusions C) To prevent all unauthorized access attempts D) To secure the network from any cyber attacks.,B
1746,Which type of attack ties up a system by forging SYN packets with bogus source addresses? **Options:** A) Service Request Floods B) Ping of Death C) ICMP Flood Attack D) Syn Attack/Flood,D
1747,What is the primary purpose of creating a standardized image for virtual machines within an organization? **Options:** A) To ensure compatibility between VMs B) To enforce security configurations from the beginning C) To reduce the occurrence of virtualization sprawl D) To centralize patch management,B
1748,What type of network does a Virtual Private Network (VPN) use to allow users to connect to an enterprise server located at the edge of the enterprise LAN? **Options:** A) A public internetwork. B) A private network. C) A virtual network. D) A secure network.,A
1749,"When you are attempting to install a new security mechanism for which there is not a detailed step-by-step guide on how to implement that specific product, which element of the security policy should you turn to? **Options:** A) Policies B) Standards C) Guidelines D) Procedures",C
1750,"What does the linear equivalence L(s) of the n-sequence s signify? **Options:** A) The average number of agreements minus disagreements between s0(t) and s0(t + t) B) The period of the combined generator C) The length of the shortest LFSR that generates s D) The fraction of times t that the condition (s0(t), s0(t + 1), ..., s0(t + (k - 1))) = u holds",C
1751,What kind of coverage can pay for lost earnings and expenses during the period of time the business is shut down? **Options:** A) Valuable papers coverage B) Boiler and machinery coverage C) Business interruption coverage D) Extra expense coverage,C
1752,What is the purpose of User Account Control (UAC) in Windows? **Options:** A) To disable all security measures for ease of use B) To give all users full administrative rights C) To prevent unauthorized access and user error D) To bypass the logon process for standard users,C
1753,What is the purpose of having security policies and operational procedures in an organization's cybersecurity framework? **Options:** A) To protect against malware and phishing attacks. B) To manage access control and encryption methods. C) To document roles and responsibilities within the organization. D) To define the entity’s security objectives and processes for achieving consistent security outcomes.,D
1754,Which action is a protection against DNS spoofing? **Options:** A) Maintaining physical access security and employing encryption B) Using static ARP mappings and session identification C) Implementing DNS spoofing detection and deploying packet modification tools D) Allowing only authorized changes to DNS and restricting zone transfers,D
1755,"In cryptographic technologies, what does XOR stand for? **Options:** A) External Object Representation B) Xternal Output Relay C) Exclusive Or D) Extra Operation Routing",C
1756,"In the context of computer architecture, what is primarily responsible for integrating legacy peripheral devices and doesn’t support Plug and Play (PnP) setup? **Options:** A) IRQ B) ARQ C) CRQ D) None of the above",A
1757,What type of encryption is the fastest to use for large amounts of data? **Options:** A) Private B) Public C) Asymmetric D) Symmetric,D
1758,Which type of security is most manageable and important for system analysts and developers? **Options:** A) Hardware security B) Information system security C) Network security D) Software security,B
1759,Which type of malware can directly compromise programs and data leading to a potential loss of data integrity? **Options:** A) Backdoor B) Hoax C) Worm D) Data diddler,D
1760,For what purpose can Shamir's secret sharing scheme be used? **Options:** A) To efficiently compress large messages B) To distribute cryptographic keys C) To securely split a secret among users D) To verify digital signatures,C
1761,What is the primary goal of security in terms of penetration testing? **Options:** A) To exploit discovered vulnerabilities in the system B) To perform a vigorous attack to break into the protected network C) To prevent penetrations by discovering weaknesses and implementing countermeasures D) To cause system damage without exploiting discovered vulnerabilities,C
1762,What is one of the primary purposes of using passfaces as an authentication method? **Options:** A) To enhance security through the human ability to recognize familiar faces B) To improve user experience by streamlining the authentication process C) To provide an additional layer of security by recognizing facial features D) To prevent password guessing attempts by implementing visual authentication,A
1763,"Which protocol uses public key cryptography to provide encryption, access control, nonrepudiation, and message authentication using IP-based protocols? **Options:** A) IPsec B) SSH C) SSL D) Kerberos",A
1764,What is the biggest concern associated with grid computing? **Options:** A) Resource Scalability B) Data Consistency C) Performance Stability D) Security and Confidentiality,D
1765,A distributed network is a type of computer network that is spread over different networks typically in different locations. If you were using this type of system a good way to speed access to large files would be to implement which of the following? **Options:** A) Content Distribution Network B) Proxy for web caching C) Reverse proxy for load balancing D) Private cloud for laaS,A
1766,"What is the best way to secure a remote desktop server according to the given risk assessment? **Options:** A) Place the remote desktop server(s) on a screened subnet, and implement two-factor authentication B) Deploy a remote desktop server on your internal LAN, and require an active directory integrated SSL connection for access C) Distribute new IPsec VPN client software to applicable parties, and then virtualize the remote desktop services functionality D) Change remote desktop to a non-standard port and implement password complexity for the entire active directory domain",A
1767,"Among the most widely used and potentially damaging attacks based on network vulnerabilities are: **Options:** A) Buffer overflows and session hijacking. B) Sniffing, spoofing, and wardialing. C) ARP poisoning and denial-of-service attacks. D) Sniffing, spoofing, and session hijacking.",D
1768,You are the security administrator for your company. You identify a security risk. You decide to continue with the current security plan. However you develop a contingency plan for if the security risk occurs. Which type of risk response strategy are you demonstrating? **Options:** A) Transference B) Mitigation C) Acceptance D) Avoidance,C
1769,Which type of IDS employs a database of attack signatures to detect intrusion attempts? **Options:** A) Honey pot B) Behavior-based IDS C) Network-based IDS D) Knowledge-based IDS,D
1770,Which device is primarily involved in transmitting packets to their destinations and works at the Network layer? **Options:** A) Bridge B) Switch C) Router D) Hub,C
1771,SSL is a mechanism for which of the following? **Options:** A) Authenticating data B) Securing transmitted data C) Verifying data D) Securing stored data,B
1772,What is the primary technology utilized for biometric identification? **Options:** A) Retina scan B) Voice recognition C) Facial recognition D) Fingerprints,D
1773,"In the client-server model, where is the bulk of the processing done? **Options:** A) Locally B) Locally and the results are presented remotely C) On the client and server equally D) Remotely and the results are presented locally",D
1774,What does ARO stand for in the context of risk assessment? **Options:** A) Asset Risk Overview B) Annual Loss Expectancy C) Asset Replacement Option D) Annual Rate of Occurrence,D
1775,Which type of NLSP can provide subnetwork-level security? **Options:** A) Connectionless NLSP B) Connection-oriented NLSP C) Both A and B D) Neither A nor B,C
1776,"What task includes the evaluation of all collected information regarding threats, vulnerabilities, assets, and asset values? **Options:** A) Risk Evaluation B) Safeguard Selection and Risk Mitigation Analysis C) Threat Analysis D) Vulnerability Analysis",A
1777,How can employees be made aware of the need for an information security program? **Options:** A) By implementing a strict dress code policy B) By involving them in decision-making for the program C) By ensuring management's awareness and commitment D) By holding regular computer programming courses,C
1778,What is the estimated value of third-party security services demand by the end of 2004? **Options:** A) None of the above B) $17.2 billion C) $1 billion D) $140 million,B
1779,What precaution should users take when using mobile payment solutions to ensure security? **Options:** A) Use mobile payment solutions linked to company's accounts B) Avoid any payment method involving NFC or RFID technology C) Always opt for contactless payment systems D) Only employ solutions that require per-transaction confirmation or device unlock,D
1780,What method can an ethical hacker utilize to protect against DNS poisoning? **Options:** A) Limiting the time records can stay in cache before updating B) Conducting regular penetration testing C) Blocking access to DNS servers D) Changing all system hostnames,A
1781,What is the primary purpose of using a secure hash function in a digital signature application? **Options:** A) To provide symmetric-key encryption B) To uniquely define the input data and provide integrity protection C) To ensure collision proof of data D) To negotiate the encryption mechanism in SSL,B
1782,How many bits used in the LUCIFER cipher in each round? **Options:** A) 16 bits B) 64 bits C) 36 bits D) 32 bits,C
1783,"In an object-oriented system, what refers to the results exhibited by an object upon receipt of a message? **Options:** A) Delegation B) Behavior C) Polymorphism D) Instance",B
1784,What international standard provides guidelines for securing power systems? **Options:** A) NIST SP 800-53 B) GHF 821X C) IEEE 1776-2008 D) IEC 62351,D
1785,In what year did Horst Feistel develop the block cipher LUCIFER? **Options:** A) 1996 B) 1971 C) 1973 D) 1984,B
1786,What is the main purpose of a penetration test in relation to management? **Options:** A) To sabotage a company's operations. B) To determine the effectiveness of the security controls of an organization. C) To justify expenses related to implementing security programs. D) To find potential flaws in an organization's firewalls.,B
1787,"In the Wireshark capture, what does TCP port==80 filter to display? **Options:** A) HTTP traffic B) Encrypted web page data C) HTTP metadata D) Encrypted email data",A
1788,Which of the following is a common human error when operating equipment? **Options:** A) Leaving cards behind in ATMs B) Typing the wrong password C) Misplacing personal items D) Entering incorrect phone numbers,A
1789,Two forms of risk assessment are: **Options:** A) Analytical and assessment B) Technical and procedural C) Qualitative and quantitative D) Subjective and objective,C
1790,One way to exfiltrate data is using a secret communication path that allows data transfer in a way that violates the security policy. Such a path is called a _______. **Options:** A) Overt Channel B) Tunnel C) Covert Channel D) Secure Channel,C
1791,What is the process of attackers using automated tools to scan for vulnerabilities in a network or system? **Options:** A) Back door attack B) Social engineering C) Eavesdropping D) Scanning for vulnerabilities,D
1792,Which RAID level is not fault tolerant? **Options:** A) RAID 1 B) RAID 6 C) RAID 0 D) RAID 5,C
1793,"What is the basis for several common applications including SSL, PGP, SSH and IPsec? **Options:** A) Asymmetric Cryptography B) Shared Secrets C) Hashing Algorithms D) Symmetric Encryption",A
1794,What is the primary goal of monitoring in a security context? **Options:** A) To track the key presses of users B) To perform intrusion attempts C) To actively review audited information or assets D) To capture radio frequency signals,C
1795,"In the TCP three-way handshake sequence, what is the last phase? **Options:** A) SYN flagged packet B) SYN/ACK flagged packet C) ACK flagged packet D) FIN flagged packet",B
1796,What URL prefix appears in the web browser address bar to signal the use of TLS for securing web communications? **Options:** A) TLS:// B) FTPS:// C) SHTTP:// D) HTTPS://,D
1797,"In view of arguments provided by proponents of closed source software, what is one potential drawback of the open source approach in terms of code review? **Options:** A) TThe open-source model leads to inconsistent code reviews, with some sections neglected by developers. B) Due to its complexity and messiness, open-source code often goes unreviewed by many developers. C) Both A and B. D) None of the above.",C
1798,What makes end users more vulnerable to social engineering attacks? **Options:** A) High level of system security education B) Excessive reliance on the Internet C) Regular user awareness training programs D) Strict enforcement of user access controls,B
1799,"What platforms is VNC available for? **Options:** A) UNIX, Microsoft Windows, Macintosh, Viewers, and Java. B) Microsoft Windows and Macintosh only. C) UNIX, Microsoft Windows, and Macintosh only. D) Microsoft Windows and UNIX only.",A
1800,Which form of social engineering impersonation involves impersonating a tech support person to obtain sensitive information? **Options:** A) Impersonation of a tech support person B) Impersonation of law enforcement C) Impersonation of a repairman D) Impersonation of a customer,A
1801,"In bug fixing, the monitoring of vulnerabilities and performance testing of a patch are part of the: **Options:** A) Bug reporting process. B) Distribution process. C) Reassurance process. D) Repair process.",D
1802,Which form of physical identification and/or electronic access control device can employ multifactor authentication? **Options:** A) Smart cards B) Proximity readers C) Dumb cards D) Motion detectors,A
1803,Which of the following is a primary purpose of Nmap in a network? **Options:** A) Encrypt network traffic B) Performing penetration tests C) Gather information about a network's hosts D) Simulate denial-of-service attacks,C
1804,Which type of control involves the transformation of plaintext into unreadable data by cryptographic techniques? **Options:** A) Antivirus software B) Smart cards C) Encryption D) Access control software,C
1805,What do security standards provide guidance on? **Options:** A) Operational staff management B) Implementation of procedures C) How policies should be implemented D) Setting high-level policy objectives,C
1806,What is the term used to describe the process of removing or encoding potentially dangerous characters from user input? **Options:** A) Data Masking B) Data Redaction C) Data Sanitization D) Data Obfuscation,C
1807,"Which malware is a subcategory of the virus and can encrypt files, demanding a ransom to decrypt them? **Options:** A) Spyware B) Worm C) Trojan D) Ransomware",D
1808,Which of the following is not considered a security service under ISO 7498-2 standards? **Options:** A) System backup B) Non-repudiation C) Data integrity D) Access control,A
1809,What method could be used to trick someone into running a Trojaned file? **Options:** A) Denial-of-service attacks. B) Social engineering techniques. C) Manipulating search engine results. D) Phishing attacks.,B
1810,What does IKE stand for in the context of IPsec? **Options:** A) Internet Key Encryption B) Internet Key Enterprise C) Internet Key Extension D) Internet Key Establishment,D
1811,Which is an example of social engineering? **Options:** A) Accessing a database with a cracked password B) Calling a help desk and convincing them to reset a password for a user account C) Installing a hardware keylogger on a victim’s system to capture passwords D) A user who holds open the front door of an office for a potential hacker,B
1812,Which of the following is the view that a programmer has of the computing system when viewed through its instruction set? **Options:** A) System software architecture B) Operating system architecture C) Application software architecture D) Computer organization,D
1813,Which social engineering principle may allow a phony call from the help desk to be effective? **Options:** A) Scarcity B) Social proof C) Authority D) Imitation,C
1814,What is multifactor authentication (MFA)? **Options:** A) Any authentication method that uses device fingerprinting. B) Any authentication method using only a single factor. C) Any authentication method based on biometrics. D) Any authentication using two or more factors.,D
1815,What is the purpose of Security Awareness training? **Options:** A) To increase employees' consciousness of security controls and practices B) To provide security requirements for testing and evaluation C) To integrate systems engineering and systems security engineering requirements D) To identify and control security changes to the system,A
1816,What is the concept underlying wireless communication infrastructure? **Options:** A) The system identification code B) Radio frequency modulation C) Satellite communication D) The cell concept,D
1817,Which type of radar measures the velocity of the target by the change in frequency in the return signal? **Options:** A) Monopulse B) Doppler C) Pulse Compression D) Passive Coherent Location,B
1818,What is the purpose of problem management in cybersecurity? **Options:** A) To enforce strict access restrictions B) To remove all system vulnerabilities C) To mitigate the negative impact of problems on computing services and resources D) To intensify security controls,C
1819,What is the primary goal of the security engineer of the 21st century? **Options:** A) Studying defensive strategies B) Specialization in cryptography C) Managing technical complexity D) Developing proprietary solutions,C
1820,Which protocol is used to transport hypertext files across the Internet? **Options:** A) IP B) TCP C) HTTP D) FTP,C
1821,Which mode allows a Bluetooth device to be discoverable for a short period of time? **Options:** A) Pairing B) Limited Discoverable C) Nondiscoverable D) Nonpairing,B
1822,What is the main reason for the failure of a water-based suppression system? **Options:** A) Human error B) Environmental factors C) Use of preventive measures D) Use of gas-based suppression systems,A
1823,Which type of test is intended to imitate the behaviors that an internal party with authorized access may perform? **Options:** A) Blind testing B) Double-blind testing C) Outsider attack D) Insider attack,D
1824,What does the abbreviation LAN stand for? **Options:** A) Local Area Network B) Large Area Network C) Linked Access Network D) Local Access Node,A
1825,"In the context of a system of federal states, what may be regarded as a foreign state? **Options:** A) Another member state of the federation B) A state outside the federal system C) A state engaged in cyber operations D) None of the above",A
1826,What type of cable is very resistant to failure and is commonly used for infrastructure backbones and server farms due to its immunity to electromagnetic interference? **Options:** A) Category 5 cable B) Twisted pair cable C) Fiber optic cable D) Coaxial cable,C
1827,"What cybersecurity measure is aimed at preventing unauthorized access to recycled or discarded media? **Options:** A) Logical compromise of networked devices B) Remote espionage, eavesdropping C) Loss/alteration of information D) Physical access by unauthorized persons",D
1828,What is the first step in the 'Mitigate Risk' task? **Options:** A) Cost Benefit Analysis B) Complete the risk assessment with the risk mitigation C) Safeguard Selection and Risk Mitigation Analysis D) Final Report,C
1829,Which of the following best describes the purpose of a denial of service attack? **Options:** A) To compromise the integrity of the system B) To disrupt the normal functionality of a targeted server C) To gain unauthorized access to a system D) To modify data without authorization,B
1830,What is an example of a commonly used protocol for tunneling data to bypass security controls? **Options:** A) LDAP (Lightweight Directory Access Protocol) B) SMTP (Simple Mail Transfer Protocol) C) SSH (Secure Shell) D) FTP (File Transfer Protocol),C
1831,What distinguishes Zenmap from nmap? **Options:** A) Zenmap offers a GUI overlay with organizational capabilities for nmap scan results B) Zenmap performs port scans at a slower rate than nmap C) Zenmap uses randomized hosts for scans D) Zenmap provides advanced network visualization but cannot save scan results,A
1832,What is the purpose of maintaining regular backups on a server? **Options:** A) To reduce energy consumption B) To maintain the availability of the server's data C) To ensure legal compliance D) To keep a record of all user activities,B
1833,"What does the transposition t = (1, 4, 0, 3, 5, 2) indicate in columnar transposition encryption? **Options:** A) The encryption algorithm used to encrypt the plaintext B) The sequence of substitution steps applied to the plaintext C) The digital signature applied to the plaintext D) The order in which columns of the plaintext are rearranged",D
1834,Why is it essential to provide social engineering training to employees? **Options:** A) So employees can report security violations to management B) To show people how to perform a social engineering attack C) None of the above D) To teach people what to look out for,D
1835,What is the purpose of information policies within an organization? **Options:** A) To manage employee performance B) To make decisions pertaining to equipment usage C) To document computer security decisions D) To create a computer security program,C
1836,"What is the first phase in disaster response, involving stabilization of the environment and protection of people? **Options:** A) Response B) Restoration C) Relocation D) Recovery",A
1837,What is the primary disadvantage of the newer forensic methodology compared to the older methodology? **Options:** A) Data may be modified during the imaging process B) Inability to access the swap file C) Potential damage to the hard drive D) Volatile sources of information are lost,D
1838,What does a layered defense strategy provide in physical security? **Options:** A) Controlling access through different types of encryption methods B) Multiple layers of physical barriers to deny all access C) Enhances access control confidence through some redundancy and expanded protection D) Isolating information systems from external access,C
1839,What technology is usually deployed in conjunction with unauthenticated ADS-B to mitigate some of its security vulnerabilities? **Options:** A) Near-Field Communication (NFC). B) General Packet Radio Service (GPRS). C) Long Term Evolution (LTE). D) Multilateration (MLAT).,D
1840,What is the primary purpose of intrusion detection systems? **Options:** A) Preventing and responding to unauthorized access attempts B) Filtering spam emails C) Detecting and responding to unauthorized access attempts D) Encrypting network traffic,C
1841,What factors should a tester consider when scheduling an attack in the attack phase of a penetration test? **Options:** A) The opportunity to cause maximum damage to the target B) The availability of tools for social engineering C) The probability of getting caught by the target's intrusion response interval D) The amount of time a real adversary can be expected to attempt to penetrate the system,D
1842,Which layer of the OSI model facilitates communication between the Physical and Network layers and primarily deals with the media access control (MAC) address? **Options:** A) Transport layer B) Data Link layer C) Session layer D) Network layer,B
1843,What is the primary goal of an Information Security Governance strategy? **Options:** A) To minimize the impact of security incidents on the organization B) To obtain senior management commitment and support C) To enforce compliance with information security policies D) To prioritize options to mitigate risks,B
1844,What is encryption used for in cybersecurity? **Options:** A) To protect data by converting it into a code that can only be read with a decryption key B) To detect and prevent malware infections C) To optimize network performance D) To track and monitor internet usage,A
1845,"In infrastructure as code (IaC), which tool is commonly used to automate deployment tasks in a cybersecurity context? **Options:** A) CloudFormation Designer B) PowerShell C) Ansible D) Terraform",C
1846,Where are software firewalls usually located? **Options:** A) On every computer B) On routers C) On clients D) On servers,C
1847,What can you infer from an attacker inputting the given text into a Search text box and receiving a 'It Worked' pop-up? **Options:** A) The site is vulnerable to SQL injection B) The site is vulnerable to XSS C) The site is vulnerable to parameter tampering D) The site is vulnerable to buffer overflow,B
1848,How is the ciphertext obtained in columnar transposition encryption? **Options:** A) By transforming the key with a substitution cipher B) By generating a digital signature for the plaintext C) By hashing the plaintext with a cryptographic hash function D) By applying a permutation to the plaintext,D
1849,Which federal government agency has responsibility for ensuring the security of government computer systems that are not used to process sensitive and/or classified information? **Options:** A) Federal Bureau of Investigation B) National Institute of Standards and Technology C) National Security Agency D) Secret Service,B
1850,Which version of IIS is commonly encountered in the wild for Windows Server 2008? **Options:** A) IIS 6.0 B) IIS 10.0 C) IIS 7.0 D) IIS 8.0,C
1851,What are the two main types of rootkits? **Options:** A) Phishing and ransomware rootkits B) Trojan and worm rootkits C) Adware and spyware rootkits D) User-mode rootkits and kernel-mode rootkits,D
1852,What does the acronym 'SSL' stand for in the context of web security? **Options:** A) Software Safety Layer B) Secure Socket Layer C) System Security Language D) Strong Server Login,B
1853,What is the purpose of a firewall in the context of cybersecurity? **Options:** A) To detect and remove viruses B) To encrypt data C) To filter network traffic D) To prevent physical theft of devices,C
1854,What type of processing does serverless computing typically use? **Options:** A) Parallel B) Event‐driven C) Functional D) Procedural,B
1855,Which type of attack involves someone looking through a company's trash to obtain sensitive information? **Options:** A) Dumpster diving B) Phishing C) Hacking D) Browsing,A
1856,What method of cryptography uses two related keys for encryption and decryption? **Options:** A) RSA (Rivest‐Shamir‐Adleman) B) SHA (Secure Hash Algorithm) C) Symmetric key cryptography D) Asymmetric key cryptography,D
1857,"What is one of the most common misconceptions regarding security and IT professionals? **Options:** A) IT professionals are not required to have in-depth security knowledge B) Certifications are the most reliable indicators of an individual's true capabilities C) IT professionals can figure out anything when it comes to security D) Technical infrastructure remains static; therefore, IT training remains relevant over time",C
1858,What is the IBM KryptoKnight system designed to support? **Options:** A) Computers with limited security capabilities B) Computers with widely varying computational capabilities C) Only computers with high computational capabilities D) Only computers with low computational capabilities,B
1859,What is the main purpose of a split-split DNS design? **Options:** A) To disable recursive queries from the Internet on name servers B) To issue iterative queries on the internal network C) To prevent simple DNS attacks D) To enable physical separation of DNS servers,A
1860,What does WPA3 use to start the authentication and association process between stations and access points? **Options:** A) Separate authentication with encryption B) Simultaneous authentication of equals C) Four-way handshake D) Mutual authentication of peers,B
1861,Which is a distinguishing characteristic of trusted third-party security systems? **Options:** A) Management of user privileges and roles. B) Issuing and managing encryption keys. C) Providing proof of a principal's identity. D) Use of biometric authentication methods.,C
1862,"In public-key cryptography, which key is kept private and known only to the owner? **Options:** A) Public key B) Shared key C) Private key D) Master key",C
1863,What is a crucial factor in developing attack signatures for pattern-matching intrusion detection systems? **Options:** A) Focusing on statistical data analysis B) Identifying harmless network activities C) Having a wide range of potential attack patterns D) Development of signatures that match broader classes of intrusion activity,D
1864,What type of tools are generally used for electronic penetrations during a penetration test? **Options:** A) Tools for abusing the operational procedures of the target B) Automated analysis and attack tools C) Social engineering tools D) Tools for exploiting weaknesses in physical and process controls,B
1865,"What is the primary difference between hackers and hacktivists? **Options:** A) Hackers specialize in exploiting technical vulnerabilities, while hacktivists focus on exposing security flaws B) Hackers engage in illegal activities, while hacktivists use legal means to achieve their objectives C) Hackers seek financial gains from their activities, while hacktivists aim to raise awareness about social or political issues D) Hackers target governments and corporations, while hacktivists focus on individual users",C
1866,What is the primary advantage of asymmetric encryption over symmetric encryption? **Options:** A) Scalability for large networks. B) Simpler key distribution and management. C) Higher speed of operation. D) Provides nonrepudiation in addition to confidentiality.,D
1867,Which of the following is true about social engineering attacks? **Options:** A) They exploit human psychology to gain access to sensitive information B) They only occur through email communication C) They are easy to prevent using antivirus software D) They rely solely on technical vulnerabilities,A
1868,"When a padded cell is used by a network for protection from intruders, which of the following is true? **Options:** A) Padded cells are a form of entrapment. B) The data offered by the padded cell is what originally attracts the attacker. C) Padded cells are used to test a system for known vulnerabilities. D) The intruder is seamlessly transitioned into the padded cell once they are detected.",D
1869,What is an integral domain in the context of abstract algebra? **Options:** A) A field of elements with two binary operations B) A set of integers under the usual operations of addition and multiplication C) A set of all rational numbers D) A set of elements that satisfy specific axioms including closure under addition and multiplication,D
1870,Which technique involves criminals hosting advertisements on their own websites and generating 'fake' clicks to defraud advertisers? **Options:** A) Phishing B) Click fraud C) Ransomware D) Affiliate programs,B
1871,What is one of the growing issues in the telecom industry that the PayForIt scheme aims to address? **Options:** A) Protecting customers from social engineering attacks and fraud. B) Reducing customer care issues and promoting customer rights. C) Enabling regular auditing and non-repudiation of call charges. D) Standardizing payment experiences and reducing fraudulent transactions.,D
1872,Which of the following statements about risk is true? **Options:** A) A qualitative risk analysis should be preferred for assigning monetary values B) Implementation of preventive controls is sufficient for risk mitigation C) Risk is the probability of the exploitation of vulnerabilities by a threat agent D) The risk of an internal security breach by employees is less than that posed by external threats,C
1873,Which pair of processes should be separated from each other to manage the stability of the test environment? **Options:** A) Validity and production B) Testing and development C) Validity and security D) Testing and validity,B
1874,"What is one of the fundamental measures of success for a data warehouse implementation? **Options:** A) New applications use the DW to serve their data requirements. B) Retirement of legacy systems. C) Focusing on ad hoc data mining and periodic reporting. D) Ignoring potential value of external data and text, images, and sound and video.",A
1875,"In the risk management life cycle, which process requires a thorough assessment of potential risks and vulnerabilities to the confidentiality, integrity, and availability of information resources? **Options:** A) Risk analysis B) Risk assessment C) Risk identification D) Risk mitigation",B
1876,What is the purpose of the stepping sequence in a cipher machine's breakwheel component? **Options:** A) To synchronize the encryption and decryption processes B) To ensure that the same key is not used for consecutive encryptions C) To generate random keys for encryption D) To determine the position of the rotor for the encryption process,D
1877,What kind of vulnerability refers to the insertion of hidden HTML form fields that can be manipulated by users to change prices or access system passwords? **Options:** A) Known Vulnerabilities and Misconfigurations B) Backdoor and Debug Options C) Cross-Site Scripting D) Hidden Fields,D
1878,"What type of law does not require an act of Congress to implement at the federal level but, rather, is enacted by the executive branch in the form of regulations, policies, and procedures? **Options:** A) Criminal law B) Civil law C) Common law D) Administrative law",D
1879,"To provide fault tolerance for critical server disks, which control can be used? **Options:** A) Clustering B) RAID C) HA pairs D) Load balancing",B
1880,Which book listed plugboard settings used throughout the Japanese network for the PURPLE machine? **Options:** A) Iwakura codebook B) Ko codebook C) Suruga codebook D) Otsu codebook,D
1881,What is the best method to prevent social engineering attacks and malware infection? **Options:** A) Deploying physical security controls B) Utilizing advanced encryption techniques C) Conducting regular user education and awareness training D) Implementing biometric authentication,C
1882,What is a limitation of early firewalls that only filter web and mail traffic? **Options:** A) They were effective in preventing all types of cyber attacks. B) They were susceptible to targeted attacks from experienced hackers. C) They tended to be bypassed as more applications became web-based. D) They effectively blocked software products from calling home.,C
1883,Which component of the HVAC system can cause corrosion of electrical connections in high humidity conditions? **Options:** A) Cooling coils B) Heaters C) Air filters D) Air blowers,A
1884,What are Remote Procedure Calls (RPCs) primarily used for? **Options:** A) Interprocess semaphores B) Remote method invocation C) Process demand paging D) Interprocess communications,D
1885,Which type of intrusion detection system examines its own configuration and reports unauthorized changes to that configuration or critical files? **Options:** A) Statistical anomaly detection B) Network-based C) Pattern-matching D) Host-based,D
1886,What property of 'e' makes it efficient for RSA encryption? **Options:** A) It is less than f(n) B) It is relatively prime to f(n) C) It is a prime number D) It has a single 1 bit in its binary representation,D
1887,"Which technique involves capturing, analyzing, and reporting on the daily happenings in and around the network to identify unusual patterns of activities? **Options:** A) Security policy management B) Intrusion detection C) Vulnerability scanning D) 24-hour monitoring and reporting",B
1888,Which of the following is the primary goal of encryption in storage area network security? **Options:** A) To ensure confidentiality B) To improve system performance C) To increase data accessibility D) To prevent storage hardware failure,A
1889,What will the parameter -n do when used with tcpdump? **Options:** A) Filter traffic based on specific protocols B) Set the capture size C) Enable verbose output D) Suppress name resolution for IP addresses and ports,D
1890,"Why is information assurance important for all systems that handle national security information? **Options:** A) To ensure non-repudiation and availability of information B) To capture a 'snapshot in time' of business and technology assets C) To support business operations and mitigate risk factors D) To guarantee integrity, availability, and confidentiality of information",D
1891,The business continuity committee has developed the business impact analysis (BIA) identified the preventative controls that can be implemented and develop the recovery strategies. Next the committee should develop a contingency plan. All of the following teams should be included in this plan's development to aid in the execution of the final plan except? **Options:** A) Damage assessment team B) Risk management team C) Restoration team D) Salvage team,B
1892,Which utility can be used to easily resolve FQDNs into IP addresses on Unix-like systems? **Options:** A) tracert B) fqdn C) dig D) None of the above,C
1893,Hashing is often used in forensic analysis. It is used to verify that an exact copy of the original media has been made for examination. Hashes can also help in finding or eliminating some specific files. During forensic analysis which algorithm would you recommend be used for determining accurate copies? **Options:** A) SHA1 B) MOS C) Quantum D) SHA2,D
1894,What is a primary step in both quantitative and qualitative risk analysis? **Options:** A) Estimating potential losses to assets by determining their value. B) Analyzing potential threats to the assets. C) Assigning a rating to each scenario. D) Performing a risk analysis and safeguard selection.,A
1895,What is a primary issue related to de-identified medical data used for research purposes? **Options:** A) Risk of individual re-identification by cross-correlating data B) Enhanced privacy protection C) Improved data accuracy D) Prevention of data breaches,A
1896,"During an operational investigation, what type of analysis might an organization undertake to prevent similar incidents in the future? **Options:** A) Network traffic analysis B) Root cause analysis C) Fagan analysis D) Forensic analysis",B
1897,What might indicate potential click fraud to ad networks and advertisers based on user behavior after clicking on an ad? **Options:** A) Conversions rate B) Impressions rate C) Click-through rate D) Bounce rate,D
1898,What type of network technology combines multiple individual storage devices into a single consolidated network-accessible storage container? **Options:** A) Microsegmentation Networks B) Virtual SAN (VSAN) C) VXLAN D) Software-defined storage (SDS),B
1899,What is the purpose of the demilitarized zone (DMZ) in network security? **Options:** A) To store encrypted data for secure backup B) To restrict access to internal network resources C) To act as a buffer zone between the internal network and the Internet D) To provide faster internet connection for internal network users,C
1900,Which type of security should be used to determine if their communications are secure on the web? **Options:** A) Remote access B) Content filter C) Policies D) Encryption,D
1901,"In the Dolev-Yao adversary model, what can an adversary do? **Options:** A) Only Eavesdrop and delay B) Only eavesdrop and replay C) Eavesdrop, forge, replay, delay, rush, reorder, delete D) Only eavesdrop",C
1902,"What is the hardest group to categorize among hackers, being neither good nor bad? **Options:** A) Script kiddies B) Hacktivists C) Gray hats D) Black hats",C
1903,What is a necessary condition for the security of the ECIES mechanism? **Options:** A) The public key size must be less than 300 bits B) RSA must be used for encryption C) The private key must be shared with all communication partners. D) The security is based on the difficulty of solving the discrete logarithm problem in the subgroup generated by a point on an elliptic curve.,D
1904,What method can be used to map out the needs of an organization for a new facility? **Options:** A) Risk analysis B) Critical path analysis C) Inventory D) Log file audit,B
1905,Which type of cryptography utilizes a single key for both encrypting and decrypting the data? **Options:** A) Private key cryptography B) Asymmetric cryptography C) Public key cryptography D) Symmetric cryptography,D
1906,What is the role of encryption algorithms in protecting software? **Options:** A) To make software development more complex B) To protect copyrighted information from unauthorized access C) To encourage illegal software access and distribution D) To hinder technology advancements in software development,B
1907,"What are the four things that come together for good security engineering? **Options:** A) Policy, mechanism, assurance, and incentive B) Policy, mechanism, assurance, and safety C) Policy, mechanism, safety, and incentive D) Policy, safety, assurance, and incentive",A
1908,"What characteristic differentiates land attack from other types of DoS attacks? **Options:** A) It spoofs the source address as the victim's own, leading to repeated acknowledgment attempts. B) It involves manipulating fragmented packets with overlapping offset values. C) It targets a specific service by flooding it with requests until all resources are used up. D) It uses UDP echo requests instead of ICMP.",A
1909,Which type of proxy operates at OSI layer 7 and offers the highest level of security among the mentioned architectures? **Options:** A) Application-Level Gateway B) Circuit-Level Gateway C) Stateful Inspection D) Cutoff Proxy,A
1910,Which principle dictates that a subject should be granted only the authorizations necessary to perform its intended tasks? **Options:** A) Coarse Grain Authorization B) Separation of Duties C) Fine Grain Authorization D) Least Privileges,D
1911,Which encryption algorithm is recommended for IKE and IPsec? **Options:** A) Blowfish with 128-bit keys B) AES-CBC with 256-bit keys C) 3DES with SHA-1 D) AES-GCM with 128-bit keys,D
1912,What does security awareness training aim to achieve primarily? **Options:** A) Formalizing the implementation of new security technologies. B) Improving security controls and handling of security incidents. C) Making a measurable reduction in unauthorized actions. D) Encouraging better communication among employees.,C
1913,What would be a disadvantage of deploying a proxy-based firewall? **Options:** A) Proxy-based firewalls cannot block unwanted traffic B) Proxy-based firewalls may not support custom applications C) Proxy-based firewalls do not provide network address translation D) Proxy-based firewalls inspect only to the network layer of the OSI model,B
1914,What do XML namespaces provide a way to avoid? **Options:** A) Decryption in XML documents B) Naming conflicts in XML documents C) Data corruption in XML documents D) Encryption in XML documents,B
1915,Why is understanding international privacy laws important for organizations transmitting data across borders? **Options:** A) To gain competitive advantage B) To comply with legal requirements and avoid potential legal issues C) To ensure secure data transmission D) To avoid paying taxes in multiple countries,B
1916,Which of the following is a key feature of a good block cipher? **Options:** A) Statistically predictable keystream B) Functional simplicity C) Fixed periods without repetition D) Long periods without repetition,D
1917,Which term is another name for private key cryptography? **Options:** A) Asymmetric key cryptography B) Single key cryptography C) Shared key cryptography D) Symmetric key cryptography,D
1918,Which transport layer protocol provides reliability and error recovery? **Options:** A) UDP B) TCP C) ICMP D) IP,B
1919,What aspect of malware ensures the quality improvement of malware? **Options:** A) Providing plaform for sharing malware samples B) Patching vulnerabilities in the first server C) Specialization in key parts of the malware lifecycle D) Exploiting vulnerabilities in the first server,C
1920,Why is symmetric key encryption typically used over asymmetric key encryption? **Options:** A) It isn't encumbered with patents. B) It's more secure. C) It's faster. D) It's easier to implement.,C
1921,What is the fundamental principle to mitigate cybersecurity risks associated with third-party software or hardware? **Options:** A) Regular security patching B) Network segmentation C) Intrusion Prevention System D) Data encryption,A
1922,"What technique funnels all traffic back to a single client, allowing sniffing from all connected hosts? **Options:** A) ARP redirection B) ARP partitioning C) ARP flooding D) ARP poisoning",D
1923,"What kind of insurance provides coverage for damage caused by the explosion of steam boilers, steam pipes, and steam engines? **Options:** A) Boiler and machinery B) Business interruption coverage C) Extra expense coverage D) Valuable papers coverage",A
1924,What was introduced in Windows 2000 that can override or complement the access control lists (ACLs) of Windows NT? **Options:** A) Standardized access control tools B) Group policy-based security C) Capability-based access controls D) Integration with Active Directory,B
1925,What does ICMP stand for? **Options:** A) Internet Configuration Mode Process B) Internet Control Message Protocol C) Internet Connection Management Protocol D) Internet Configuration Management Protocol,B
1926,Which type of risk analysis attempts to assign meaningful numbers to all elements of the risk analysis process? **Options:** A) Quantitative Risk Analysis B) Business Impact Analysis C) Threat Attack Identification D) Qualitative Risk Analysis,A
1927,"What attack involves placing Unicode in the string to represent dots and slashes, resulting in a directory traversal? **Options:** A) Directory traversal B) Web defacement C) Web cache poisoning D) CSPP (connection string parameter pollution)",A
1928,"What are some of the considerations one should take into account when selecting a backup generator? **Options:** A) The color of the generator B) The amount of space available for the generator C) The brand of the generator D) The price, how the unit is started, uptime, power output, and fuel source",D
1929,What is a key challenge in managing complex intranets and data centers? **Options:** A) Establishing and consistently meeting service-level agreements with end users B) Protecting the wealth of enterprise information and key resources C) Tying together comprehensive system and data center intranet security management D) Effectively managing and maintaining system integrity at all times,C
1930,What is the main purpose of cryptanalysis? **Options:** A) To authenticate the sender of encrypted data B) To analyze and break encryption systems C) To decrypt data without authorization D) To securely store encrypted data,B
1931,What type of record is associated with each RRset in DNSSEC? **Options:** A) DS B) NSEC C) RRSIG D) DNSKEY,C
1932,What is a common method of social engineering used to trick individuals into disclosing personal or sensitive information? **Options:** A) Virus scanning B) Shoulder surfing C) Encryption keys D) Double authentication,B
1933,Why is reliable authentication of users and systems a critical feature of secure remote access systems? **Options:** A) To ensure that only authorized individuals and systems can access the network resources B) To exclude the need for logging and auditing of system utilization C) To minimize costs and streamline the implementation process D) To provide access to all network resources without restrictions,A
1934,"Which is considered a separate utility service and a single point of failure, necessitating redundancy in connectivity options? **Options:** A) Natural gas B) Sewers C) Water D) Internet",D
1935,What does the abbreviation 'SDK' stand for in the context of software security? **Options:** A) System Deflection Key B) Software Delegation Kernel C) System Development Key D) Security Development Kit,D
1936,Which tool is considered the recognized standard in sniffing applications according to the information provided? **Options:** A) Ettercap B) tcpdump C) Wireshark D) Capsa Network Analyzer,C
1937,"In cybersecurity, what does the term 'social engineering' refer to? **Options:** A) Enhancing network security through physical barriers B) Creating secure human-computer interface designs C) Automated algorithms to detect intrusions D) Manipulating individuals to divulge confidential information",D
1938,"In the context of process-to-process authentication, what is the main purpose of XML and tagged languages? **Options:** A) To demonstrate the origin and content of digitally signed transactions B) To define formats for asserting claims of identity and supporting evidence C) To implement access-controlled storage in database managers D) To store and retrieve documents on web servers",B
1939,Which program is commonly used to encrypt e-mail messages in UNIX? **Options:** A) Pine B) GnuPG (GPG) C) Crack D) Shred,B
1940,Which of the following is NOT a common method of detecting potential security incidents in IT environments? **Options:** A) Updating system security policies to prevent potential incidents B) Intrusion detection and prevention systems that send alerts to administrators C) Automated tools scanning audit logs for predefined events D) End users reporting unusual activity or incidents to IT personnel,A
1941,"What is the primary goal when controlling access to assets? **Options:** A) Ensure that all subjects are authenticated. B) Ensure that only valid objects can authenticate on a system. C) Preserve confidentiality, integrity, and availability of systems and data. D) Prevent unauthorized access to subjects.",C
1942,Which tool can passively analyze data packets moving into and out of a network interface? **Options:** A) Packet sniffers B) Network scanners C) Remote administration tools D) Port scanners,A
1943,"In computer security, what does the principle of assigning each principal a unique identifier help to prevent? **Options:** A) Data breaches B) Malware infections C) Phishing attacks D) Unauthorized access",D
1944,Which of these is a reason to use an exploit against a local vulnerability? **Options:** A) Password collection B) Privilege escalation C) Log manipulation D) Pivoting,B
1945,What is the primary disadvantage of using secret key encryption? **Options:** A) Key distribution and management B) The need for a large key space C) The complexity of the algorithm D) Lengthy encryption times,A
1946,What is the main purpose of encryption in the context of cybersecurity? **Options:** A) To make data accessible only to authorized parties. B) To ensure high-speed communication. C) To increase the size of the data. D) To hide the existence of information.,A
1947,"What is the group containing the 2n! permutations of the elements of Z2,n called? **Options:** A) Permutation group B) Symmetric group C) Cyclic group D) Alternating group",B
1948,What does a single quote ('') indicate when used to test for a SQL injection vulnerability? **Options:** A) It determines whether the user input is sanitized properly B) It retrieves all data from the database C) It indicates the protected user input field D) It causes the submission to fail,A
1949,Which of the following is a physical threat to information systems? **Options:** A) Social engineering B) Chemical emissions C) Software bugs D) Natural disasters,D
1950,Which of the following is a common practice for securing data by converting it into a code that can only be decoded by specific recipients? **Options:** A) Firewall B) Vulnerability C) Phishing D) Encryption,D
1951,What type of security threat occurs when an entity successfully pretends to be a different entity? **Options:** A) Insider Threat B) Intimidation C) Incompletion D) Impersonation,D
1952,What is the purpose of a Contingency Plan for an information system? **Options:** A) To measure and evaluate system vulnerabilities B) To qualify the risk associated with system vulnerabilities C) To identify critical business operations in case of system failure D) To manage changes to the system,C
1953,What is the term used for legal protection granted to individuals who report security vulnerabilities in good faith? **Options:** A) Criminal Liability Insanity B) Vulnerability Equities Process C) Responsible Disclosure D) Equities Process,C
1954,Which of the following is a privacy concern related to browser parasites? **Options:** A) All provided answers B) Changing a user’s start page or search page to earn money for every click C) Adding a button or link add-on to the user’s browser to collect information when clicked D) Transmitting the names of the sites the user visits to the owner of the parasites,A
1955,What is a fundamental cybersecurity principle for preventing unauthorized access to a network? **Options:** A) Intrusion Prevention System B) Encryption C) Vulnerability Assessment D) Firewall,D
1956,What is the primary purpose of updating routing tables and using checksum in a secure network infrastructure? **Options:** A) To improve network speed and performance B) To encrypt all network data C) To track the network usage of each employee D) To protect against the injection of spurious packets and replay attacks,D
1957,What is the role of Uncoordinated Frequency Hopping (UFH) in anti-jamming broadcast communication? **Options:** A) To prevent eavesdropping B) To prevent insertion attack C) To provide communication resilience without pre-shared secrets D) To make reassembly of packets possible,C
1958,What is the purpose of the ping command in a network environment? **Options:** A) To test connectivity between two computers B) To modify the ARP cache C) To verify the MAC address of a computer D) To determine the DNS server address,A
1959,What type of cipher involves using a single secret key for both encryption and decryption? **Options:** A) RSA cipher B) Symmetrical cipher C) AES cipher D) Asymmetrical cipher,B
1960,Which physical tampering technique involves penetrating the passivation layer of a smartcard? **Options:** A) Memory linearization B) Fault induction attack C) Probing attack D) Mechanical probing,C
1961,What is the primary purpose of Domain Name System (DNS) cache poisoning? **Options:** A) To falsify DNS information used by a client to reach a desired system B) To alter the primary record of a Fully Qualified Domain Name (FQDN) in the zone file on the primary authoritative DNS server C) To provide secure and reliable authentication protection D) To resolve IP addresses into MAC addresses for data transmission,A
1962,Which physical security measure provides better identification and control compared to keys and cipher locks? **Options:** A) Mantraps and turnstiles B) Key and cipher locks C) Alarm and motion detection systems D) Smart card access controls,D
1963,What is the greatest difficulty in administering military logistics systems with distinct classification levels? **Options:** A) Effectively managing nonmonotonic security levels B) Preventing unauthorized data transfer C) Ensuring strict separation of data between levels D) All of the above,D
1964,What is a common protection against DNS spoofing? **Options:** A) Allowing only authorized changes to DNS B) Deploying packet sniffers C) Restricting zone transfers D) Designating static Address Resolution Protocol (ARP) mappings for critical systems,A
1965,"In cryptography, what is the purpose of a message authentication code (MAC) or digital signature (SIG)? **Options:** A) To prevent unauthorized access to data transmissions. B) To establish the authenticity of participants in a transaction. C) To generate random keys. D) To ensure the confidentiality of data.",B
1966,"What is the preferred method of implementing field security in the context of PeopleSoft? **Options:** A) Implementing field security through a third-party application B) Deactivating field security C) Duplicating a panel, removing the sensitive field from the new panel, and securing access through panel security to these panels D) All of the above",C
1967,Which program could be used to perform spoofing attacks and also supports plugins? **Options:** A) fragroute B) Ettercap C) sslstrip D) arpspoof,B
1968,What is a risk trigger? **Options:** A) An event that indicates that a risk has occurred or is about to occur B) An individual who is responsible for alerting the team when a given risk occurs C) A risk response strategy D) A metric used to measure the impact of a risk,A
1969,Who is responsible for submitting detailed recommendations on standards with respect to the privacy of individually identifiable health information as per HIPAA? **Options:** A) The President of the United States B) The Department of Homeland Security C) The Surgeon General D) The Secretary of Health and Human Services,D
1970,Which type of cable is commonly used for LAN purposes due to its ability to support different speeds and protocols? **Options:** A) Coaxial cable B) Shielded twisted-pair (STP) cable C) Fiber-optic cable D) Unshielded twisted pair (UTP) cable,D
1971,Which method can limit the user's ability to install apps from unknown sources on a mobile device? **Options:** A) Application allow listing B) Unrestricted app installation C) Deny by default D) Malware scanning,A
1972,Which of the following best describes hashing? **Options:** A) A cryptosystem B) Nonreversible C) A cipher D) An algorithm,B
1973,What is the primary goal of multilevel security models? **Options:** A) To ensure data integrity. B) To enforce strict access control based on security clearances. C) To prevent insider threats. D) To minimize overhead in authentication and authorization.,B
1974,"In the context of risk management, what is the primary purpose of business impact analysis? **Options:** A) To evaluate the potential impact of security incidents on daily business operations B) To identify and address vulnerabilities in an organization's network infrastructure C) To predict future threats and attacks through historical data analysis D) To assess the financial implications of a security breach on an organization",A
1975,Which of the following is NOT considered a form of data erasure? **Options:** A) Copying over existing data B) Redacting C) Clearing D) Destroying,B
1976,What does the acronym IP stand for in the context of cybersecurity? **Options:** A) Internet Protocol B) Information Privacy C) Intrusion Prevention D) Identity Protection,A
1977,What information could you get from running p0f? **Options:** A) Uptime B) Remote time C) Local time D) Absolute time,A
1978,Why is trust in the user interface important in authentication protocols for smartcards? **Options:** A) User interfaces determine the cost of the protocol. B) User interfaces prevent reflection attacks. C) Trust in the terminals ensures the authenticity of transactions. D) The user interface ensures secure and reliable transactions.,C
1979,"To negotiate encryption keys securely over an unencrypted channel, which two methods are designed to provide this capability? **Options:** A) Blowfish B) AES C) HMAC D) Diffie-Hellman",D
1980,What does the principle of 'least privilege' in cybersecurity refer to? **Options:** A) Allowing all users access to all resources B) Granting administrators unrestricted access to all resources C) Granting users the minimum level of access required to perform their tasks D) Limiting the number of users accessing the system,C
1981,What is the 'original' definition of a hacker? **Options:** A) A person who illegally gains access to computer systems without permission B) A person who is skilled at programming and computer systems C) A person who is dedicated to ethical hacking practices D) A person who uses their technological expertise to help companies and organizations improve their cybersecurity,B
1982,The Biba model addresses: **Options:** A) Data disclosure B) Transformation procedures C) Constrained data items D) Unauthorized modification of data,D
1983,Which principle is concerned with ensuring that users manipulate data only in restricted ways that preserve database integrity? **Options:** A) Reality checks B) Continuity of operation C) Well-formed transactions D) Reconstruction of events,C
1984,What is the primary purpose of incorporating ethics into an organizational policy? **Options:** A) To instill proper computing behavior B) To create awareness of ethical behavior C) To ensure compliance with legal regulations D) To attract potential employees,A
1985,What is the concept of the 'Compliance Budget' used to describe? **Options:** A) The amount of time and effort people are willing to spend on non-productive activities B) An organization's annual budget for compliance-related activities C) The balance of organizational compliance with regulatory requirements D) A measure of individuals' willingness to comply with security policies,A
1986,Which area is not a part of an effective ITM program? **Options:** A) Audit of the implementation to measure the compliance with industry best practices. B) Implementation and deployment of additional components. C) Administration and support of infrastructure outside the ITM solution. D) Assessments and audits of the ITM infrastructure.,C
1987,What is the primary difference between a worm and a virus? **Options:** A) A virus can self-propagate B) A virus uses polymorphic code C) A worm can self-propagate D) A worm uses polymorphic code,C
1988,What does TCP-level filtering provide that makes it more advantageous than packet filtering? **Options:** A) Ease of maintaining a blacklist B) Ability to block IP spoofing C) Increased speed in filtering malicious traffic D) Additional functionality such as virtual private networking,D
1989,What is used to establish an IPsec connection for individual remote hosts? **Options:** A) PEAP B) EAP-TLS C) EAP-SIM D) EAP-OOP,B
1990,What is the purpose of Business Continuity Planning (BCP)? **Options:** A) To address security infringements and unauthorized access B) To conduct a risk assessment of the organization C) To enhance the efficiency of business operations D) To prevent disruptions to normal business activity,D
1991,What is the primary security goal of configuration management in operations security? **Options:** A) To limit the amount of time that an operator is assigned to perform a security-related task before being moved to a different task B) To ensure that a system is restarted without compromising its required protection scheme after a failure C) To ensure that changes to the system do not unintentionally diminish security D) To protect against both covert storage and covert timing channels,C
1992,Why should you not write malware in Python? **Options:** A) There is inadequate library support. B) The Python interpreter may not be available. C) Python is a hard language to learn. D) The Python interpreter is slow.,B
1993,What is the purpose of XML in managing security information? **Options:** A) To provide a common classification of security information from different products B) To store security-related information in a database C) To determine the amount of data collected and the format of storage D) To analyze and correlate security events across the enterprise,A
1994,Which attribute is considered a good metric for security measurement? **Options:** A) Subjective criteria B) Expressed as a cardinal number or percentage C) Inconsistent measurement D) Qualitative labels,B
1995,What is the primary concern with the use of bots in online gaming? **Options:** A) Bots provide an unfair advantage and spoil the gameplay experience. B) Bots lead to decreased server performance. C) Bots compromise the security of player data. D) Bots restrict access to players from certain regions.,A
1996,In many cases traditional laws do not adequately approach computer crimes and their ramifications. Which of the following is one way legal systems have changed to better allow these established rules to be used? **Options:** A) The definition of property has been expanded to include tangible property as in secondary storage devices B) The definition of property has been expanded to include intangible property as in hard drives C) The definition of property has been expanded to include intangible property as in electronic information D) The definition of property has been expanded to include tangible property as in electronic information,C
1997,What does the implicit deny feature of a packet filter do? **Options:** A) It inspects all incoming packets B) It automatically denies all incoming packets C) It logs all incoming packets D) It automatically permits all incoming packets,B
1998,What is the most effective defense against backdoor programs and Trojan horses on a system? **Options:** A) Only use reputable software from reputable sources. B) Utilizing advanced antivirus software for continuous system monitoring. C) Minimizing user exposure to untrusted programs and being vigilant against potential threats. D) All of the mentioned strategies can assist in preventing possible infections.,D
1999,What do various laws impose into contracts as a matter of course concerning the quality of goods and services supplied? **Options:** A) Performance standards B) Disclosure terms C) Quality warranties D) Exclusivity clauses,C
